IMG Number,STOP_TIME,MINIMUM_LATITUDE,MAXIMUM_LATITUDE,WESTERNMOST_LONGITUDE,EASTERNMOST_LONGITUDE,HORIZONTAL_PIXEL_SCALE,VERTICAL_PIXEL_SCALE
IMG_RDR_2017032T194857_V02,2017-02-0119:48:54.689,-39.4742,9.4965,93.7752,236.2209,266614.2857,266614.2857
IMG_RDR_2017032T194927_V02,2017-02-0119:49:25.162,-39.5906,9.8903,93.9033,236.9981,266519.0543,266519.0543
IMG_RDR_2017032T194957_V02,2017-02-0119:49:55.634,-39.6323,10.094,93.7398,236.3365,266423.8085,266423.8085
IMG_RDR_2017032T195028_V02,2017-02-0119:50:26.106,-39.1099,10.2822,93.285,236.0241,266328.545,266328.545
IMG_RDR_2017032T195058_V02,2017-02-0119:50:56.578,-38.4573,10.4733,93.3483,236.5803,266233.2639,266233.2639
IMG_RDR_2017032T195129_V02,2017-02-0119:51:27.049,-38.0096,10.6729,92.9521,235.4981,266137.9652,266137.9652
IMG_RDR_2017032T195159_V02,2017-02-0119:51:57.521,-37.569,10.877,92.5797,234.585,266042.6487,266042.6487
IMG_RDR_2017032T195230_V02,2017-02-0119:52:27.993,-37.7245,11.08,91.627,234.3884,265947.3147,265947.3147
IMG_RDR_2017032T195300_V02,2017-02-0119:52:58.465,-37.6785,11.281,91.6695,233.9639,265851.9629,265851.9629
IMG_RDR_2017032T195331_V02,2017-02-0119:53:28.937,-37.91,11.4787,91.4234,233.474,265756.5934,265756.5934
IMG_RDR_2017032T195401_V02,2017-02-0119:53:59.409,-37.3479,11.6644,91.3404,233.5426,265661.2063,265661.2063
IMG_RDR_2017032T195432_V02,2017-02-0119:54:29.881,-37.5645,11.8621,91.0345,232.9683,265565.8014,265565.8014
IMG_RDR_2017032T195502_V02,2017-02-0119:55:00.354,-36.6791,12.2527,90.1149,232.7816,265470.3756,265470.3756
IMG_RDR_2017032T195533_V02,2017-02-0119:55:30.825,-36.2642,12.2731,90.7265,232.0153,265374.9384,265374.9384
IMG_RDR_2017032T195603_V02,2017-02-0119:56:01.298,-35.9378,12.6551,90.0268,232.2128,265279.4772,265279.4772
IMG_RDR_2017032T195634_V02,2017-02-0119:56:31.769,-35.7748,12.6565,90.0745,231.302,265184.0045,265184.0045
IMG_RDR_2017032T195704_V02,2017-02-0119:57:02.242,-35.5988,13.0323,90.0021,231.8702,265088.5077,265088.5077
IMG_RDR_2017032T195735_V02,2017-02-0119:57:32.713,-35.3143,13.037,88.5562,230.819,264992.9994,264992.9994
IMG_RDR_2017032T195805_V02,2017-02-0119:58:03.186,-35.4629,13.4202,89.3345,230.6543,264897.4671,264897.4671
IMG_RDR_2017032T195835_V02,2017-02-0119:58:33.657,-34.8184,13.437,88.487,231.548,264801.9232,264801.9232
IMG_RDR_2017032T195906_V02,2017-02-0119:59:04.130,-34.7566,13.8214,87.9691,229.9195,264706.3552,264706.3552
IMG_RDR_2017032T195936_V02,2017-02-0119:59:34.601,-34.4263,13.83,88.3542,230.5467,264610.7757,264610.7757
IMG_RDR_2017032T200007_V02,2017-02-0120:00:05.074,-32.7525,14.1969,87.5895,229.5463,264515.1721,264515.1721
IMG_RDR_2017032T200037_V02,2017-02-0120:00:35.546,-32.8761,14.3857,87.7603,229.5474,264419.5537,264419.5537
IMG_RDR_2017032T200108_V02,2017-02-0120:01:06.018,-32.6461,14.5875,87.4561,228.7095,264323.9175,264323.9175
IMG_RDR_2017032T200138_V02,2017-02-0120:01:36.490,-32.3728,14.7939,86.3091,228.0797,264228.2635,264228.2635
IMG_RDR_2017032T200209_V02,2017-02-0120:02:06.962,-32.0265,14.9902,86.6353,227.8952,264132.5915,264132.5915
IMG_RDR_2017032T200239_V02,2017-02-0120:02:37.434,-31.9452,15.1814,86.0236,229.1531,264036.9017,264036.9017
IMG_RDR_2017032T200310_V02,2017-02-0120:03:07.906,-31.7159,15.4095,85.4369,227.5478,263941.1939,263941.1939
IMG_RDR_2017032T212859_V02,2017-02-0121:28:57.445,-38.3441,9.2901,37.9118,172.7154,247500.4182,247500.4182
IMG_RDR_2017032T212930_V02,2017-02-0121:29:27.918,-39.0458,9.6655,37.5524,172.4595,247401.4887,247401.4887
IMG_RDR_2017032T213000_V02,2017-02-0121:29:58.389,-37.8376,9.7109,37.0626,171.2288,247302.5457,247302.5457
IMG_RDR_2017032T213031_V02,2017-02-0121:30:28.861,-37.9827,9.9349,36.174,171.2929,247203.5793,247203.5793
IMG_RDR_2017032T213101_V02,2017-02-0121:30:59.333,-37.6188,10.1392,36.6636,170.9594,247104.5929,247104.5929
IMG_RDR_2017032T213132_V02,2017-02-0121:31:29.805,-37.3346,10.3413,36.9249,170.6027,247005.5865,247005.5865
IMG_RDR_2017032T213202_V02,2017-02-0121:32:00.277,-36.6395,10.5393,35.4912,170.761,246906.5599,246906.5599
IMG_RDR_2017032T213233_V02,2017-02-0121:32:30.749,-36.3409,10.7346,35.6307,170.7655,246807.5132,246807.5132
IMG_RDR_2017032T213303_V02,2017-02-0121:33:01.221,-35.7117,10.926,35.6917,169.9993,246708.4464,246708.4464
IMG_RDR_2017032T213334_V02,2017-02-0121:33:31.693,-36.4397,11.1195,35.442,169.5326,246609.3595,246609.3595
IMG_RDR_2017032T213404_V02,2017-02-0121:34:02.165,-36.0617,11.3198,34.1888,170.3538,246510.2525,246510.2525
IMG_RDR_2017032T213434_V02,2017-02-0121:34:32.637,-36.2807,11.517,34.3559,169.0545,246411.1253,246411.1253
IMG_RDR_2017032T213505_V02,2017-02-0121:35:03.108,-35.4337,11.5461,35.2455,167.8744,246311.9811,246311.9811
IMG_RDR_2017032T213535_V02,2017-02-0121:35:33.581,-35.0372,11.9141,34.3112,167.6382,246212.8103,246212.8103
IMG_RDR_2017032T213606_V02,2017-02-0121:36:04.052,-34.8279,11.9395,34.1078,167.1452,246113.6258,246113.6258
IMG_RDR_2017032T213636_V02,2017-02-0121:36:34.525,-34.2067,12.303,33.5247,166.6096,246014.4146,246014.4146
IMG_RDR_2017032T213707_V02,2017-02-0121:37:04.997,-34.1747,12.4996,33.7498,166.5244,245915.1863,245915.1863
IMG_RDR_2017032T213737_V02,2017-02-0121:37:35.468,-33.5331,12.6985,32.4668,166.6583,245815.9379,245815.9379
IMG_RDR_2017032T213808_V02,2017-02-0121:38:05.939,-33.0582,12.7322,32.3278,166.3811,245716.6724,245716.6724
IMG_RDR_2017032T213838_V02,2017-02-0121:38:36.412,-32.7469,13.0993,31.6886,166.5105,245617.3802,245617.3802
IMG_RDR_2017032T213909_V02,2017-02-0121:39:06.884,-32.5256,13.2927,31.6519,166.0139,245518.071,245518.071
IMG_RDR_2017032T213939_V02,2017-02-0121:39:37.355,-33.9499,13.3196,32.3811,166.0061,245418.7446,245418.7446
IMG_RDR_2017032T214010_V02,2017-02-0121:40:07.828,-31.9344,13.6875,31.8873,166.025,245319.3915,245319.3915
IMG_RDR_2017032T214040_V02,2017-02-0121:40:38.299,-33.2363,13.716,31.4179,164.3098,245220.0246,245220.0246
IMG_RDR_2017032T214111_V02,2017-02-0121:41:08.772,-31.3941,14.0856,31.1017,164.1522,245120.6308,245120.6308
IMG_RDR_2017032T214141_V02,2017-02-0121:41:39.243,-32.6824,14.1126,30.4949,163.0071,245021.2232,245021.2232
IMG_RDR_2017032T214212_V02,2017-02-0121:42:09.716,-30.9527,14.4767,29.9461,160.8616,244921.7887,244921.7887
IMG_RDR_2017032T214242_V02,2017-02-0121:42:40.187,-32.3869,14.5015,29.3901,160.2234,244822.3403,244822.3403
IMG_RDR_2017032T214312_V02,2017-02-0121:43:10.660,-30.5637,14.867,28.6285,157.795,244722.865,244722.865
IMG_RDR_2017032T230832_V02,2017-02-0123:08:29.713,-37.0887,9.2745,0.00083266,359.9992,227710.7543,227710.7543
IMG_RDR_2017032T230902_V02,2017-02-0123:09:00.184,-36.8216,9.313,0.00063514,359.9981,227607.6193,227607.6193
IMG_RDR_2017032T230932_V02,2017-02-0123:09:30.656,-37.4101,9.5161,0.0018643,359.9969,227504.4579,227504.4579
IMG_RDR_2017032T231003_V02,2017-02-0123:10:01.128,-36.4055,9.7206,0.0024928,359.9953,227401.2733,227401.2733
IMG_RDR_2017032T231033_V02,2017-02-0123:10:31.600,-35.6507,9.9273,0.00095713,359.998,227298.0656,227298.0656
IMG_RDR_2017032T231104_V02,2017-02-0123:11:02.070,-36.463,9.9732,0.00055829,359.998,227194.8381,227194.8381
IMG_RDR_2017032T231134_V02,2017-02-0123:11:32.543,-35.7763,10.3365,0.00045545,359.9999,227091.5807,227091.5807
IMG_RDR_2017032T231205_V02,2017-02-0123:12:03.014,-35.1831,10.3781,0.00052417,359.9949,226988.3069,226988.3069
IMG_RDR_2017032T231235_V02,2017-02-0123:12:33.486,-35.1709,10.5798,0.00052761,359.9995,226885.0065,226885.0065
IMG_RDR_2017032T231306_V02,2017-02-0123:13:03.958,-35.7775,10.7786,0.0022171,359.9988,226781.6829,226781.6829
IMG_RDR_2017032T231336_V02,2017-02-0123:13:34.430,-34.7423,10.981,0.0018626,359.9952,226678.3361,226678.3361
IMG_RDR_2017032T231407_V02,2017-02-0123:14:04.902,-34.0516,11.181,0.011316,359.9995,226574.966,226574.966
IMG_RDR_2017032T231437_V02,2017-02-0123:14:35.374,-33.4964,11.3798,0.0044657,359.9954,226471.5726,226471.5726
IMG_RDR_2017032T231508_V02,2017-02-0123:15:05.846,-33.0426,11.5759,0.0023057,359.9998,226368.1559,226368.1559
IMG_RDR_2017032T231538_V02,2017-02-0123:15:36.318,-34.2754,11.7694,0.00083817,359.9988,226264.7159,226264.7159
IMG_RDR_2017032T231609_V02,2017-02-0123:16:06.789,-33.4767,11.8044,0.0069846,359.9989,226161.256,226161.256
IMG_RDR_2017032T231639_V02,2017-02-0123:16:37.261,-33.0179,12.0026,4.403-05,359.9979,226057.7694,226057.7694
IMG_RDR_2017032T231710_V02,2017-02-0123:17:07.733,-32.5169,12.2014,0.00021189,359.996,225954.2594,225954.2594
IMG_RDR_2017032T231740_V02,2017-02-0123:17:38.205,-32.0617,12.4001,0.00099919,359.9994,225850.726,225850.726
IMG_RDR_2017032T231810_V02,2017-02-0123:18:08.678,-31.7225,12.7542,0.0014814,359.9976,225747.1658,225747.1658
IMG_RDR_2017032T231841_V02,2017-02-0123:18:39.149,-32.9356,12.7897,0.00013576,359.9907,225643.589,225643.589
IMG_RDR_2017032T231911_V02,2017-02-0123:19:09.621,-30.9803,12.9852,0.002054,359.9988,225539.9854,225539.9854
IMG_RDR_2017032T231942_V02,2017-02-0123:19:40.093,-29.8406,13.1845,0.0024124,359.9997,225436.3583,225436.3583
IMG_RDR_2017032T232012_V02,2017-02-0123:20:10.565,-28.9258,13.3825,0.00059768,359.9998,225332.7077,225332.7077
IMG_RDR_2017032T232043_V02,2017-02-0123:20:41.036,-28.689,13.4243,0.0038907,360,225229.0371,225229.0371
IMG_RDR_2017032T232113_V02,2017-02-0123:21:11.509,-27.407,13.7787,0.0017791,359.9983,225125.3361,225125.3361
IMG_RDR_2017032T232144_V02,2017-02-0123:21:41.980,-27.2478,13.8146,0.0039496,359.9957,225021.6184,225021.6184
IMG_RDR_2017032T232214_V02,2017-02-0123:22:12.453,-26.129,14.1698,0.00014097,359.9997,224917.8703,224917.8703
IMG_RDR_2017032T232245_V02,2017-02-0123:22:42.924,-25.9739,14.2112,0.0032536,359.9994,224814.1056,224814.1056
IMG_RDR_2017033T004834_V02,2017-02-0200:48:32.425,-35.7309,9.0227,0.00067873,359.9993,206923.7285,206923.7285
IMG_RDR_2017033T004905_V02,2017-02-0200:49:02.897,-34.6629,9.2285,4.54-06,359.997,206815.6649,206815.6649
IMG_RDR_2017033T004935_V02,2017-02-0200:49:33.369,-33.864,9.4355,0.0012806,359.9993,206707.5741,206707.5741
IMG_RDR_2017033T005006_V02,2017-02-0200:50:03.841,-32.4613,9.6422,0.00058719,359.993,206599.4563,206599.4563
IMG_RDR_2017033T005036_V02,2017-02-0200:50:34.313,-31.3735,9.8496,0.002238,359.9981,206491.3112,206491.3112
IMG_RDR_2017033T005107_V02,2017-02-0200:51:04.785,-30.4683,10.053,0.0014845,359.9981,206383.1389,206383.1389
IMG_RDR_2017033T005137_V02,2017-02-0200:51:35.257,-29.6383,10.2594,0.0013434,359.9973,206274.9395,206274.9395
IMG_RDR_2017033T005208_V02,2017-02-0200:52:05.729,-28.8877,10.461,0.0010495,359.9986,206166.7128,206166.7128
IMG_RDR_2017033T005238_V02,2017-02-0200:52:36.201,-28.1948,10.6659,0.0013861,359.9962,206058.4588,206058.4588
IMG_RDR_2017033T005308_V02,2017-02-0200:53:06.673,-27.5404,10.8715,0.001313,359.9992,205950.1775,205950.1775
IMG_RDR_2017033T005339_V02,2017-02-0200:53:37.145,-26.9143,11.0765,0.0013823,359.9999,205841.869,205841.869
IMG_RDR_2017033T005409_V02,2017-02-0200:54:07.617,-26.3193,11.2818,0.001656,359.9995,205733.533,205733.533
IMG_RDR_2017033T005440_V02,2017-02-0200:54:38.090,-25.3928,11.6292,0.00022584,360,205625.1662,205625.1662
IMG_RDR_2017033T005510_V02,2017-02-0200:55:08.561,-25.2055,11.6883,9.8722-05,359.9991,205516.7791,205516.7791
IMG_RDR_2017033T005541_V02,2017-02-0200:55:39.034,-24.3323,12.0366,0.0021232,359.9997,205408.3575,205408.3575
IMG_RDR_2017033T005611_V02,2017-02-0200:56:09.505,-24.1596,12.096,0.0013406,359.996,205299.9156,205299.9156
IMG_RDR_2017033T005642_V02,2017-02-0200:56:39.978,-23.3318,12.4431,0.0016668,359.9999,205191.4391,205191.4391
IMG_RDR_2017033T005712_V02,2017-02-0200:57:10.448,-23.1678,12.5025,0.00078297,359.9999,205082.9422,205082.9422
IMG_RDR_2017033T005743_V02,2017-02-0200:57:40.920,-22.701,12.7025,0.0011446,359.997,204974.4142,204974.4142
IMG_RDR_2017033T005813_V02,2017-02-0200:58:11.393,-21.9491,13.0433,0.00080647,359.9988,204865.8552,204865.8552
IMG_RDR_2017033T005844_V02,2017-02-0200:58:41.865,-21.5017,13.2472,0.001158,359.9992,204757.2722,204757.2722
IMG_RDR_2017033T005914_V02,2017-02-0200:59:12.337,-21.0589,13.4523,0.00028354,359.9985,204648.6616,204648.6616
IMG_RDR_2017033T005945_V02,2017-02-0200:59:42.809,-20.6326,13.654,0.00075233,359.9994,204540.0234,204540.0234
IMG_RDR_2017033T010015_V02,2017-02-0201:00:13.281,-20.2138,13.8558,6.5416-05,359.9941,204431.3576,204431.3576
IMG_RDR_2017033T010046_V02,2017-02-0201:00:43.753,-19.8087,14.0553,0.0017729,359.9989,204322.6641,204322.6641
IMG_RDR_2017033T010116_V02,2017-02-0201:01:14.225,-19.4098,14.2549,0.00085911,359.9964,204213.943,204213.943
IMG_RDR_2017033T010147_V02,2017-02-0201:01:44.697,-19.0166,14.4539,0.0016667,359.9995,204105.1941,204105.1941
IMG_RDR_2017033T010217_V02,2017-02-0201:02:15.169,-18.5718,14.6857,0.00056684,359.9997,203996.4176,203996.4176
IMG_RDR_2017033T010247_V02,2017-02-0201:02:45.640,-18.4012,14.7678,0.0011762,359.998,203887.6168,203887.6168
IMG_RDR_2017033T022837_V02,2017-02-0202:28:35.107,-25.577,8.8922,242.9274,323.8088,185080.6466,185080.6466
IMG_RDR_2017033T022907_V02,2017-02-0202:29:05.579,-24.9373,9.1417,242.9968,323.2276,184966.7337,184966.7337
IMG_RDR_2017033T022938_V02,2017-02-0202:29:36.051,-24.3575,9.375,243.0203,322.6722,184852.7881,184852.7881
IMG_RDR_2017033T023008_V02,2017-02-0202:30:06.521,-24.1342,9.4586,242.8555,322.2538,184738.8137,184738.8137
IMG_RDR_2017033T023039_V02,2017-02-0202:30:36.993,-23.6157,9.675,242.8338,321.7271,184624.8028,184624.8028
IMG_RDR_2017033T023109_V02,2017-02-0202:31:07.465,-23.1118,9.8897,242.7987,321.2124,184510.7593,184510.7593
IMG_RDR_2017033T023140_V02,2017-02-0202:31:37.937,-22.6263,10.103,242.7422,320.7009,184396.6831,184396.6831
IMG_RDR_2017033T023210_V02,2017-02-0202:32:08.409,-22.1458,10.3184,242.6784,320.1972,184282.5741,184282.5741
IMG_RDR_2017033T023241_V02,2017-02-0202:32:38.881,-21.6775,10.5321,242.6039,319.7032,184168.4323,184168.4323
IMG_RDR_2017033T023311_V02,2017-02-0202:33:09.352,-21.4842,10.6138,242.4073,319.3042,184054.2614,184054.2614
IMG_RDR_2017033T023342_V02,2017-02-0202:33:39.825,-20.7669,10.9599,242.4262,318.7346,183940.0503,183940.0503
IMG_RDR_2017033T023412_V02,2017-02-0202:34:10.296,-20.5852,11.0395,242.2187,318.3407,183825.8137,183825.8137
IMG_RDR_2017033T023443_V02,2017-02-0202:34:40.768,-20.1425,11.2533,242.1193,317.8733,183711.5404,183711.5404
IMG_RDR_2017033T023513_V02,2017-02-0202:35:11.240,-19.7085,11.4683,242.0055,317.4038,183597.2342,183597.2342
IMG_RDR_2017033T023544_V02,2017-02-0202:35:41.712,-19.2795,11.6838,241.8868,316.9412,183482.8951,183482.8951
IMG_RDR_2017033T023614_V02,2017-02-0202:36:12.184,-18.858,11.8974,241.7651,316.4892,183368.5229,183368.5229
IMG_RDR_2017033T023644_V02,2017-02-0202:36:42.656,-18.4468,12.1109,241.6276,316.0335,183254.1176,183254.1176
IMG_RDR_2017033T023715_V02,2017-02-0202:37:13.128,-18.0444,12.3219,241.4858,315.5864,183139.6793,183139.6793
IMG_RDR_2017033T023745_V02,2017-02-0202:37:43.599,-17.8759,12.404,241.2601,315.2037,183025.2117,183025.2117
IMG_RDR_2017033T023816_V02,2017-02-0202:38:14.072,-17.2468,12.7503,241.1844,314.6969,182910.7033,182910.7033
IMG_RDR_2017033T023846_V02,2017-02-0202:38:44.543,-17.083,12.8312,240.9564,314.3211,182796.1693,182796.1693
IMG_RDR_2017033T023917_V02,2017-02-0202:39:15.015,-16.6954,13.0436,240.7978,313.8875,182681.5983,182681.5983
IMG_RDR_2017033T023947_V02,2017-02-0202:39:45.487,-16.3092,13.2578,240.6354,313.4568,182566.9941,182566.9941
IMG_RDR_2017033T024018_V02,2017-02-0202:40:15.959,-15.9336,13.4689,240.465,313.0291,182452.3565,182452.3565
IMG_RDR_2017033T024048_V02,2017-02-0202:40:46.430,-15.7729,13.5512,240.2337,312.6603,182337.6894,182337.6894
IMG_RDR_2017033T024119_V02,2017-02-0202:41:16.903,-15.1952,13.8892,240.1182,312.191,182222.9815,182222.9815
IMG_RDR_2017033T024149_V02,2017-02-0202:41:47.374,-15.0325,13.9745,239.8865,311.8257,182108.2476,182108.2476
IMG_RDR_2017033T024220_V02,2017-02-0202:42:17.846,-14.6664,14.1879,239.7042,311.4089,181993.4766,181993.4766
IMG_RDR_2017033T024250_V02,2017-02-0202:42:48.318,-14.3147,14.3961,239.5102,310.9914,181878.6722,181878.6722
IMG_RDR_2017033T035903_V02,2017-02-0203:59:00.112,,,,,,
IMG_RDR_2017033T035933_V02,2017-02-0203:59:30.593,,,,,,
IMG_RDR_2017033T040004_V02,2017-02-0204:00:01.076,,,,,,
IMG_RDR_2017033T040034_V02,2017-02-0204:00:31.557,,,,,,
IMG_RDR_2017033T040105_V02,2017-02-0204:01:02.040,,,,,,
IMG_RDR_2017033T040135_V02,2017-02-0204:01:32.521,,,,,,
IMG_RDR_2017033T040206_V02,2017-02-0204:02:03.004,,,,,,
IMG_RDR_2017033T040236_V02,2017-02-0204:02:33.485,,,,,,
IMG_RDR_2017033T040307_V02,2017-02-0204:03:03.967,,,,,,
IMG_RDR_2017033T040337_V02,2017-02-0204:03:34.448,,,,,,
IMG_RDR_2017033T040408_V02,2017-02-0204:04:04.930,,,,,,
IMG_RDR_2017033T040438_V02,2017-02-0204:04:35.412,,,,,,
IMG_RDR_2017033T040509_V02,2017-02-0204:05:05.894,,,,,,
IMG_RDR_2017033T040539_V02,2017-02-0204:05:36.376,,,,,,
IMG_RDR_2017033T040610_V02,2017-02-0204:06:06.858,,,,,,
IMG_RDR_2017033T040640_V02,2017-02-0204:06:37.340,,,,,,
IMG_RDR_2017033T040710_V02,2017-02-0204:07:07.822,,,,,,
IMG_RDR_2017033T040741_V02,2017-02-0204:07:38.304,,,,,,
IMG_RDR_2017033T040811_V02,2017-02-0204:08:08.786,,,,,,
IMG_RDR_2017033T040842_V02,2017-02-0204:08:39.269,,,,,,
IMG_RDR_2017033T040912_V02,2017-02-0204:09:09.750,,,,,,
IMG_RDR_2017033T040943_V02,2017-02-0204:09:40.232,,,,,,
IMG_RDR_2017033T041013_V02,2017-02-0204:10:10.714,,,,,,
IMG_RDR_2017033T041044_V02,2017-02-0204:10:41.196,,,,,,
IMG_RDR_2017033T041114_V02,2017-02-0204:11:11.678,,,,,,
IMG_RDR_2017033T041145_V02,2017-02-0204:11:42.160,,,,,,
IMG_RDR_2017033T041215_V02,2017-02-0204:12:12.642,,,,,,
IMG_RDR_2017033T041246_V02,2017-02-0204:12:43.125,,,,,,
IMG_RDR_2017033T041316_V02,2017-02-0204:13:13.606,,,,,,
IMG_RDR_2017033T041548_V02,2017-02-0204:15:45.634,,,,,,
IMG_RDR_2017033T041619_V02,2017-02-0204:16:16.118,,,,,,
IMG_RDR_2017033T041649_V02,2017-02-0204:16:46.602,,,,,,
IMG_RDR_2017033T041720_V02,2017-02-0204:17:17.085,,,,,,
IMG_RDR_2017033T041750_V02,2017-02-0204:17:47.570,,,,,,
IMG_RDR_2017033T041821_V02,2017-02-0204:18:18.054,,,,,,
IMG_RDR_2017033T041851_V02,2017-02-0204:18:48.538,,,,,,
IMG_RDR_2017033T041922_V02,2017-02-0204:19:19.022,,,,,,
IMG_RDR_2017033T041952_V02,2017-02-0204:19:49.506,,,,,,
IMG_RDR_2017033T042023_V02,2017-02-0204:20:19.990,,,,,,
IMG_RDR_2017033T042053_V02,2017-02-0204:20:50.474,,,,,,
IMG_RDR_2017033T042124_V02,2017-02-0204:21:20.959,,,,,,
IMG_RDR_2017033T042154_V02,2017-02-0204:21:51.442,,,,,,
IMG_RDR_2017033T042225_V02,2017-02-0204:22:21.927,,,,,,
IMG_RDR_2017033T042255_V02,2017-02-0204:22:52.410,,,,,,
IMG_RDR_2017033T042326_V02,2017-02-0204:23:22.895,,,,,,
IMG_RDR_2017033T042356_V02,2017-02-0204:23:53.378,,,,,,
IMG_RDR_2017033T042427_V02,2017-02-0204:24:23.863,,,,,,
IMG_RDR_2017033T042457_V02,2017-02-0204:24:54.347,,,,,,
IMG_RDR_2017033T042527_V02,2017-02-0204:25:24.831,,,,,,
IMG_RDR_2017033T042558_V02,2017-02-0204:25:55.315,,,,,,
IMG_RDR_2017033T042628_V02,2017-02-0204:26:25.799,,,,,,
IMG_RDR_2017033T042659_V02,2017-02-0204:26:56.283,,,,,,
IMG_RDR_2017033T042729_V02,2017-02-0204:27:26.767,,,,,,
IMG_RDR_2017033T042800_V02,2017-02-0204:27:57.251,,,,,,
IMG_RDR_2017033T043102_V02,2017-02-0204:30:59.743,,,,,,
IMG_RDR_2017033T043203_V02,2017-02-0204:32:00.712,,,,,,
IMG_RDR_2017033T043234_V02,2017-02-0204:32:31.195,,,,,,
IMG_RDR_2017033T043304_V02,2017-02-0204:33:01.680,,,,,,
IMG_RDR_2017033T043335_V02,2017-02-0204:33:32.164,,,,,,
IMG_RDR_2017033T043405_V02,2017-02-0204:34:02.649,,,,,,
IMG_RDR_2017033T043436_V02,2017-02-0204:34:33.132,,,,,,
IMG_RDR_2017033T043506_V02,2017-02-0204:35:03.617,,,,,,
IMG_RDR_2017033T043537_V02,2017-02-0204:35:34.101,,,,,,
IMG_RDR_2017033T043607_V02,2017-02-0204:36:04.585,,,,,,
IMG_RDR_2017033T043638_V02,2017-02-0204:36:35.069,,,,,,
IMG_RDR_2017033T043708_V02,2017-02-0204:37:05.554,,,,,,
IMG_RDR_2017033T043739_V02,2017-02-0204:37:36.039,,,,,,
IMG_RDR_2017033T043809_V02,2017-02-0204:38:06.522,,,,,,
IMG_RDR_2017033T043840_V02,2017-02-0204:38:37.007,,,,,,
IMG_RDR_2017033T043910_V02,2017-02-0204:39:07.490,,,,,,
IMG_RDR_2017033T043941_V02,2017-02-0204:39:37.975,,,,,,
IMG_RDR_2017033T044011_V02,2017-02-0204:40:08.459,,,,,,
IMG_RDR_2017033T044042_V02,2017-02-0204:40:38.944,,,,,,
IMG_RDR_2017033T044112_V02,2017-02-0204:41:09.427,,,,,,
IMG_RDR_2017033T044143_V02,2017-02-0204:41:39.912,,,,,,
IMG_RDR_2017033T044213_V02,2017-02-0204:42:10.396,,,,,,
IMG_RDR_2017033T044244_V02,2017-02-0204:42:40.881,,,,,,
IMG_RDR_2017033T044314_V02,2017-02-0204:43:11.364,,,,,,
IMG_RDR_2017033T044546_V02,2017-02-0204:45:43.380,,,,,,
IMG_RDR_2017033T044617_V02,2017-02-0204:46:13.865,,,,,,
IMG_RDR_2017033T044647_V02,2017-02-0204:46:44.350,,,,,,
IMG_RDR_2017033T044717_V02,2017-02-0204:47:14.835,,,,,,
IMG_RDR_2017033T044748_V02,2017-02-0204:47:45.320,,,,,,
IMG_RDR_2017033T044818_V02,2017-02-0204:48:15.805,,,,,,
IMG_RDR_2017033T044849_V02,2017-02-0204:48:46.289,,,,,,
IMG_RDR_2017033T044919_V02,2017-02-0204:49:16.775,,,,,,
IMG_RDR_2017033T044950_V02,2017-02-0204:49:47.259,,,,,,
IMG_RDR_2017033T045020_V02,2017-02-0204:50:17.744,,,,,,
IMG_RDR_2017033T045051_V02,2017-02-0204:50:48.228,,,,,,
IMG_RDR_2017033T045121_V02,2017-02-0204:51:18.713,,,,,,
IMG_RDR_2017033T045152_V02,2017-02-0204:51:49.198,,,,,,
IMG_RDR_2017033T045222_V02,2017-02-0204:52:19.683,,,,,,
IMG_RDR_2017033T045253_V02,2017-02-0204:52:50.167,,,,,,
IMG_RDR_2017033T045323_V02,2017-02-0204:53:20.652,,,,,,
IMG_RDR_2017033T045354_V02,2017-02-0204:53:51.137,,,,,,
IMG_RDR_2017033T045424_V02,2017-02-0204:54:21.622,,,,,,
IMG_RDR_2017033T045455_V02,2017-02-0204:54:52.106,,,,,,
IMG_RDR_2017033T045525_V02,2017-02-0204:55:22.591,,,,,,
IMG_RDR_2017033T045556_V02,2017-02-0204:55:53.075,,,,,,
IMG_RDR_2017033T045626_V02,2017-02-0204:56:23.561,,,,,,
IMG_RDR_2017033T045657_V02,2017-02-0204:56:54.045,,,,,,
IMG_RDR_2017033T045727_V02,2017-02-0204:57:24.529,,,,,,
IMG_RDR_2017033T045758_V02,2017-02-0204:57:55.014,,,,,,
IMG_RDR_2017033T050100_V02,2017-02-0205:00:57.486,,,,,,
IMG_RDR_2017033T050131_V02,2017-02-0205:01:27.971,,,,,,
IMG_RDR_2017033T050201_V02,2017-02-0205:01:58.456,,,,,,
IMG_RDR_2017033T050232_V02,2017-02-0205:02:28.941,,,,,,
IMG_RDR_2017033T050302_V02,2017-02-0205:02:59.426,,,,,,
IMG_RDR_2017033T050333_V02,2017-02-0205:03:29.912,,,,,,
IMG_RDR_2017033T050403_V02,2017-02-0205:04:00.396,,,,,,
IMG_RDR_2017033T050434_V02,2017-02-0205:04:30.881,,,,,,
IMG_RDR_2017033T050504_V02,2017-02-0205:05:01.366,,,,,,
IMG_RDR_2017033T050535_V02,2017-02-0205:05:31.851,,,,,,
IMG_RDR_2017033T050605_V02,2017-02-0205:06:02.336,,,,,,
IMG_RDR_2017033T050635_V02,2017-02-0205:06:32.821,,,,,,
IMG_RDR_2017033T050706_V02,2017-02-0205:07:03.306,,,,,,
IMG_RDR_2017033T050736_V02,2017-02-0205:07:33.791,,,,,,
IMG_RDR_2017033T050807_V02,2017-02-0205:08:04.275,,,,,,
IMG_RDR_2017033T050837_V02,2017-02-0205:08:34.761,,,,,,
IMG_RDR_2017033T050908_V02,2017-02-0205:09:05.245,,,,,,
IMG_RDR_2017033T050938_V02,2017-02-0205:09:35.731,,,,,,
IMG_RDR_2017033T051009_V02,2017-02-0205:10:06.214,,,,,,
IMG_RDR_2017033T051039_V02,2017-02-0205:10:36.700,,,,,,
IMG_RDR_2017033T051110_V02,2017-02-0205:11:07.184,,,,,,
IMG_RDR_2017033T051140_V02,2017-02-0205:11:37.670,,,,,,
IMG_RDR_2017033T051211_V02,2017-02-0205:12:08.155,,,,,,
IMG_RDR_2017033T051241_V02,2017-02-0205:12:38.639,,,,,,
IMG_RDR_2017033T051312_V02,2017-02-0205:13:09.125,,,,,,
IMG_RDR_2017033T051542_V02,2017-02-0205:15:41.120,,,,,,
IMG_RDR_2017033T051614_V02,2017-02-0205:16:11.606,,,,,,
IMG_RDR_2017033T051645_V02,2017-02-0205:16:42.091,,,,,,
IMG_RDR_2017033T051715_V02,2017-02-0205:17:12.577,,,,,,
IMG_RDR_2017033T051746_V02,2017-02-0205:17:43.061,,,,,,
IMG_RDR_2017033T051816_V02,2017-02-0205:18:13.547,,,,,,
IMG_RDR_2017033T051847_V02,2017-02-0205:18:44.031,,,,,,
IMG_RDR_2017033T051917_V02,2017-02-0205:19:14.517,,,,,,
IMG_RDR_2017033T051948_V02,2017-02-0205:19:45.002,,,,,,
IMG_RDR_2017033T052018_V02,2017-02-0205:20:15.487,,,,,,
IMG_RDR_2017033T052049_V02,2017-02-0205:20:45.972,,,,,,
IMG_RDR_2017033T052119_V02,2017-02-0205:21:16.458,,,,,,
IMG_RDR_2017033T052150_V02,2017-02-0205:21:46.942,,,,,,
IMG_RDR_2017033T052220_V02,2017-02-0205:22:17.428,,,,,,
IMG_RDR_2017033T052251_V02,2017-02-0205:22:47.914,,,,,,
IMG_RDR_2017033T052321_V02,2017-02-0205:23:18.397,,,,,,
IMG_RDR_2017033T052352_V02,2017-02-0205:23:48.883,,,,,,
IMG_RDR_2017033T052422_V02,2017-02-0205:24:19.368,,,,,,
IMG_RDR_2017033T052453_V02,2017-02-0205:24:49.853,,,,,,
IMG_RDR_2017033T052523_V02,2017-02-0205:25:20.338,,,,,,
IMG_RDR_2017033T052553_V02,2017-02-0205:25:50.823,,,,,,
IMG_RDR_2017033T052624_V02,2017-02-0205:26:21.308,,,,,,
IMG_RDR_2017033T052654_V02,2017-02-0205:26:51.793,,,,,,
IMG_RDR_2017033T052725_V02,2017-02-0205:27:22.278,,,,,,
IMG_RDR_2017033T052755_V02,2017-02-0205:27:52.764,,,,,,
IMG_RDR_2017033T053058_V02,2017-02-0205:30:55.223,,,,,,
IMG_RDR_2017033T053128_V02,2017-02-0205:31:25.708,,,,,,
IMG_RDR_2017033T053159_V02,2017-02-0205:31:56.194,,,,,,
IMG_RDR_2017033T053229_V02,2017-02-0205:32:26.680,,,,,,
IMG_RDR_2017033T053300_V02,2017-02-0205:32:57.165,,,,,,
IMG_RDR_2017033T053330_V02,2017-02-0205:33:27.651,,,,,,
IMG_RDR_2017033T053401_V02,2017-02-0205:33:58.135,,,,,,
IMG_RDR_2017033T053431_V02,2017-02-0205:34:28.621,,,,,,
IMG_RDR_2017033T053502_V02,2017-02-0205:34:59.106,,,,,,
IMG_RDR_2017033T053532_V02,2017-02-0205:35:29.592,,,,,,
IMG_RDR_2017033T053603_V02,2017-02-0205:36:00.077,,,,,,
IMG_RDR_2017033T053633_V02,2017-02-0205:36:30.562,,,,,,
IMG_RDR_2017033T053704_V02,2017-02-0205:37:01.046,,,,,,
IMG_RDR_2017033T053734_V02,2017-02-0205:37:31.532,,,,,,
IMG_RDR_2017033T053805_V02,2017-02-0205:38:02.017,,,,,,
IMG_RDR_2017033T053835_V02,2017-02-0205:38:32.503,,,,,,
IMG_RDR_2017033T053906_V02,2017-02-0205:39:02.988,,,,,,
IMG_RDR_2017033T053936_V02,2017-02-0205:39:33.474,,,,,,
IMG_RDR_2017033T054007_V02,2017-02-0205:40:03.959,,,,,,
IMG_RDR_2017033T054037_V02,2017-02-0205:40:34.445,,,,,,
IMG_RDR_2017033T054108_V02,2017-02-0205:41:04.930,,,,,,
IMG_RDR_2017033T054138_V02,2017-02-0205:41:35.415,,,,,,
IMG_RDR_2017033T054209_V02,2017-02-0205:42:05.901,,,,,,
IMG_RDR_2017033T054239_V02,2017-02-0205:42:36.386,,,,,,
IMG_RDR_2017033T054310_V02,2017-02-0205:43:06.871,,,,,,
IMG_RDR_2017033T054542_V02,2017-02-0205:45:38.854,,,,,,
IMG_RDR_2017033T054612_V02,2017-02-0205:46:09.340,,,,,,
IMG_RDR_2017033T054642_V02,2017-02-0205:46:39.825,,,,,,
IMG_RDR_2017033T054713_V02,2017-02-0205:47:10.311,,,,,,
IMG_RDR_2017033T054743_V02,2017-02-0205:47:40.796,,,,,,
IMG_RDR_2017033T054814_V02,2017-02-0205:48:11.283,,,,,,
IMG_RDR_2017033T054844_V02,2017-02-0205:48:41.768,,,,,,
IMG_RDR_2017033T054915_V02,2017-02-0205:49:12.254,,,,,,
IMG_RDR_2017033T054945_V02,2017-02-0205:49:42.738,,,,,,
IMG_RDR_2017033T055016_V02,2017-02-0205:50:13.224,,,,,,
IMG_RDR_2017033T055046_V02,2017-02-0205:50:43.709,,,,,,
IMG_RDR_2017033T055117_V02,2017-02-0205:51:14.195,,,,,,
IMG_RDR_2017033T055147_V02,2017-02-0205:51:44.681,,,,,,
IMG_RDR_2017033T055218_V02,2017-02-0205:52:15.166,,,,,,
IMG_RDR_2017033T055248_V02,2017-02-0205:52:45.652,,,,,,
IMG_RDR_2017033T055319_V02,2017-02-0205:53:16.137,,,,,,
IMG_RDR_2017033T055349_V02,2017-02-0205:53:46.623,,,,,,
IMG_RDR_2017033T055420_V02,2017-02-0205:54:17.108,,,,,,
IMG_RDR_2017033T055450_V02,2017-02-0205:54:47.594,,,,,,
IMG_RDR_2017033T055521_V02,2017-02-0205:55:18.079,,,,,,
IMG_RDR_2017033T055551_V02,2017-02-0205:55:48.565,,,,,,
IMG_RDR_2017033T055622_V02,2017-02-0205:56:19.050,,,,,,
IMG_RDR_2017033T055652_V02,2017-02-0205:56:49.536,,,,,,
IMG_RDR_2017033T055723_V02,2017-02-0205:57:20.021,,,,,,
IMG_RDR_2017033T055753_V02,2017-02-0205:57:50.507,,,,,,
IMG_RDR_2017033T060056_V02,2017-02-0206:00:52.953,,,,,,
IMG_RDR_2017033T060126_V02,2017-02-0206:01:23.439,,,,,,
IMG_RDR_2017033T060157_V02,2017-02-0206:01:53.925,,,,,,
IMG_RDR_2017033T060258_V02,2017-02-0206:02:54.896,,,,,,
IMG_RDR_2017033T060328_V02,2017-02-0206:03:25.381,,,,,,
IMG_RDR_2017033T060359_V02,2017-02-0206:03:55.866,,,,,,
IMG_RDR_2017033T060429_V02,2017-02-0206:04:26.352,,,,,,
IMG_RDR_2017033T060459_V02,2017-02-0206:04:56.838,,,,,,
IMG_RDR_2017033T060530_V02,2017-02-0206:05:27.324,,,,,,
IMG_RDR_2017033T060600_V02,2017-02-0206:05:57.809,,,,,,
IMG_RDR_2017033T060631_V02,2017-02-0206:06:28.295,,,,,,
IMG_RDR_2017033T060701_V02,2017-02-0206:06:58.780,,,,,,
IMG_RDR_2017033T060732_V02,2017-02-0206:07:29.266,,,,,,
IMG_RDR_2017033T060802_V02,2017-02-0206:07:59.752,,,,,,
IMG_RDR_2017033T060833_V02,2017-02-0206:08:30.238,,,,,,
IMG_RDR_2017033T060903_V02,2017-02-0206:09:00.724,,,,,,
IMG_RDR_2017033T060934_V02,2017-02-0206:09:31.209,,,,,,
IMG_RDR_2017033T061004_V02,2017-02-0206:10:01.694,,,,,,
IMG_RDR_2017033T061035_V02,2017-02-0206:10:32.180,,,,,,
IMG_RDR_2017033T061105_V02,2017-02-0206:11:02.667,,,,,,
IMG_RDR_2017033T061136_V02,2017-02-0206:11:33.152,,,,,,
IMG_RDR_2017033T061206_V02,2017-02-0206:12:03.638,,,,,,
IMG_RDR_2017033T061237_V02,2017-02-0206:12:34.123,,,,,,
IMG_RDR_2017033T061307_V02,2017-02-0206:13:04.609,,,,,,
IMG_RDR_2017033T061539_V02,2017-02-0206:15:36.580,,,,,,
IMG_RDR_2017033T061610_V02,2017-02-0206:16:07.067,,,,,,
IMG_RDR_2017033T061640_V02,2017-02-0206:16:37.552,,,,,,
IMG_RDR_2017033T061711_V02,2017-02-0206:17:08.039,,,,,,
IMG_RDR_2017033T061741_V02,2017-02-0206:17:38.525,,,,,,
IMG_RDR_2017033T061812_V02,2017-02-0206:18:09.012,,,,,,
IMG_RDR_2017033T061842_V02,2017-02-0206:18:39.499,,,,,,
IMG_RDR_2017033T061913_V02,2017-02-0206:19:09.985,,,,,,
IMG_RDR_2017033T061943_V02,2017-02-0206:19:40.472,,,,,,
IMG_RDR_2017033T062014_V02,2017-02-0206:20:10.958,,,,,,
IMG_RDR_2017033T062044_V02,2017-02-0206:20:41.445,,,,,,
IMG_RDR_2017033T062115_V02,2017-02-0206:21:11.930,,,,,,
IMG_RDR_2017033T062145_V02,2017-02-0206:21:42.417,,,,,,
IMG_RDR_2017033T062216_V02,2017-02-0206:22:12.903,,,,,,
IMG_RDR_2017033T062246_V02,2017-02-0206:22:43.390,,,,,,
IMG_RDR_2017033T062317_V02,2017-02-0206:23:13.876,,,,,,
IMG_RDR_2017033T062347_V02,2017-02-0206:23:44.363,,,,,,
IMG_RDR_2017033T062417_V02,2017-02-0206:24:14.849,,,,,,
IMG_RDR_2017033T062448_V02,2017-02-0206:24:45.336,,,,,,
IMG_RDR_2017033T062518_V02,2017-02-0206:25:15.821,,,,,,
IMG_RDR_2017033T062549_V02,2017-02-0206:25:46.308,,,,,,
IMG_RDR_2017033T062619_V02,2017-02-0206:26:16.794,,,,,,
IMG_RDR_2017033T062650_V02,2017-02-0206:26:47.281,,,,,,
IMG_RDR_2017033T062720_V02,2017-02-0206:27:17.768,,,,,,
IMG_RDR_2017033T062751_V02,2017-02-0206:27:48.254,,,,,,
IMG_RDR_2017033T063053_V02,2017-02-0206:30:50.673,,,,,,
IMG_RDR_2017033T063124_V02,2017-02-0206:31:21.160,,,,,,
IMG_RDR_2017033T063154_V02,2017-02-0206:31:51.647,,,,,,
IMG_RDR_2017033T063225_V02,2017-02-0206:32:22.134,,,,,,
IMG_RDR_2017033T063326_V02,2017-02-0206:33:23.107,,,,,,
IMG_RDR_2017033T063356_V02,2017-02-0206:33:53.593,,,,,,
IMG_RDR_2017033T063427_V02,2017-02-0206:34:24.080,,,,,,
IMG_RDR_2017033T063457_V02,2017-02-0206:34:54.566,,,,,,
IMG_RDR_2017033T063528_V02,2017-02-0206:35:25.053,,,,,,
IMG_RDR_2017033T063558_V02,2017-02-0206:35:55.539,,,,,,
IMG_RDR_2017033T063629_V02,2017-02-0206:36:26.026,,,,,,
IMG_RDR_2017033T063659_V02,2017-02-0206:36:56.513,,,,,,
IMG_RDR_2017033T063730_V02,2017-02-0206:37:27.000,,,,,,
IMG_RDR_2017033T063800_V02,2017-02-0206:37:57.487,,,,,,
IMG_RDR_2017033T063831_V02,2017-02-0206:38:27.973,,,,,,
IMG_RDR_2017033T063901_V02,2017-02-0206:38:58.460,,,,,,
IMG_RDR_2017033T063932_V02,2017-02-0206:39:28.946,,,,,,
IMG_RDR_2017033T064002_V02,2017-02-0206:39:59.433,,,,,,
IMG_RDR_2017033T064033_V02,2017-02-0206:40:29.919,,,,,,
IMG_RDR_2017033T064103_V02,2017-02-0206:41:00.406,,,,,,
IMG_RDR_2017033T064134_V02,2017-02-0206:41:30.892,,,,,,
IMG_RDR_2017033T064204_V02,2017-02-0206:42:01.379,,,,,,
IMG_RDR_2017033T064235_V02,2017-02-0206:42:31.865,,,,,,
IMG_RDR_2017033T064305_V02,2017-02-0206:43:02.352,,,,,,
IMG_RDR_2017033T064537_V02,2017-02-0206:45:34.295,,,,,,
IMG_RDR_2017033T064607_V02,2017-02-0206:46:04.783,,,,,,
IMG_RDR_2017033T064638_V02,2017-02-0206:46:35.269,,,,,,
IMG_RDR_2017033T064708_V02,2017-02-0206:47:05.757,,,,,,
IMG_RDR_2017033T064739_V02,2017-02-0206:47:36.243,,,,,,
IMG_RDR_2017033T064809_V02,2017-02-0206:48:06.731,,,,,,
IMG_RDR_2017033T064840_V02,2017-02-0206:48:37.219,,,,,,
IMG_RDR_2017033T064910_V02,2017-02-0206:49:07.705,,,,,,
IMG_RDR_2017033T064941_V02,2017-02-0206:49:38.193,,,,,,
IMG_RDR_2017033T065011_V02,2017-02-0206:50:08.679,,,,,,
IMG_RDR_2017033T065042_V02,2017-02-0206:50:39.167,,,,,,
IMG_RDR_2017033T065112_V02,2017-02-0206:51:09.653,,,,,,
IMG_RDR_2017033T065143_V02,2017-02-0206:51:40.141,,,,,,
IMG_RDR_2017033T065213_V02,2017-02-0206:52:10.626,,,,,,
IMG_RDR_2017033T065244_V02,2017-02-0206:52:41.113,,,,,,
IMG_RDR_2017033T065314_V02,2017-02-0206:53:11.600,,,,,,
IMG_RDR_2017033T065345_V02,2017-02-0206:53:42.088,,,,,,
IMG_RDR_2017033T065415_V02,2017-02-0206:54:12.575,,,,,,
IMG_RDR_2017033T065446_V02,2017-02-0206:54:43.062,,,,,,
IMG_RDR_2017033T065516_V02,2017-02-0206:55:13.549,,,,,,
IMG_RDR_2017033T065547_V02,2017-02-0206:55:44.036,,,,,,
IMG_RDR_2017033T065617_V02,2017-02-0206:56:14.524,,,,,,
IMG_RDR_2017033T065648_V02,2017-02-0206:56:45.009,,,,,,
IMG_RDR_2017033T065718_V02,2017-02-0206:57:15.497,,,,,,
IMG_RDR_2017033T065749_V02,2017-02-0206:57:45.983,,,,,,
IMG_RDR_2017033T081024_V02,2017-02-0208:10:21.945,59.1744,78.4234,9.5177,144.248,98657.1814,98657.1814
IMG_RDR_2017033T081054_V02,2017-02-0208:10:52.444,61.2167,81.8121,0.023009,359.9531,98508.7731,98508.7731
IMG_RDR_2017033T081125_V02,2017-02-0208:11:22.941,63.0654,85.2096,0.0028024,359.9981,98360.2916,98360.2916
IMG_RDR_2017033T081155_V02,2017-02-0208:11:53.439,64.8803,89.0419,0.0022561,359.9994,98211.7222,98211.7222
IMG_RDR_2017033T081226_V02,2017-02-0208:12:23.937,66.5321,89.9842,0.00095898,359.998,98063.0695,98063.0695
IMG_RDR_2017033T081327_V02,2017-02-0208:13:24.932,51.6699,89.9244,0.0056446,359.9991,97765.5187,97765.5187
IMG_RDR_2017033T081357_V02,2017-02-0208:13:55.429,51.1207,89.9251,0.0010111,359.9886,97616.6202,97616.6202
IMG_RDR_2017033T081428_V02,2017-02-0208:14:25.927,50.6065,89.9662,0.0176,359.9264,97467.6329,97467.6329
IMG_RDR_2017033T081458_V02,2017-02-0208:14:56.424,51.3836,87.771,185.51,327.7927,97318.5664,97318.5664
IMG_RDR_2017033T081529_V02,2017-02-0208:15:26.922,51.0496,83.1046,200.4755,312.236,97169.4108,97169.4108
IMG_RDR_2017033T081559_V02,2017-02-0208:15:57.419,50.5883,77.743,212.9986,299.1218,97020.1758,97020.1758
IMG_RDR_2017033T081831_V02,2017-02-0208:18:29.453,59.9795,78.8969,4.3764,139.5798,96274.9373,96274.9373
IMG_RDR_2017033T081902_V02,2017-02-0208:18:59.950,61.8482,81.9854,0.033233,359.9902,96125.1936,96125.1936
IMG_RDR_2017033T081932_V02,2017-02-0208:19:30.449,63.7908,85.5485,0.0011711,359.9894,95975.3543,95975.3543
IMG_RDR_2017033T082003_V02,2017-02-0208:20:00.945,65.4555,89.0457,0.0042376,359.9981,95825.4441,95825.4441
IMG_RDR_2017033T082033_V02,2017-02-0208:20:31.443,67.0798,89.992,0.00055388,359.9987,95675.4382,95675.4382
IMG_RDR_2017033T082104_V02,2017-02-0208:21:01.940,64.0585,89.9929,0.0013713,359.9951,95525.3511,95525.3511
IMG_RDR_2017033T082134_V02,2017-02-0208:21:32.438,56.4859,89.9699,0.0029142,359.9867,95375.1727,95375.1727
IMG_RDR_2017033T082205_V02,2017-02-0208:22:02.935,51.3953,89.9702,0.016256,359.9999,95224.9129,95224.9129
IMG_RDR_2017033T082235_V02,2017-02-0208:22:33.433,51.0901,89.9473,0.13156,359.9902,95074.5615,95074.5615
IMG_RDR_2017033T082306_V02,2017-02-0208:23:03.931,50.1544,87.6095,181.1173,322.3381,94924.1233,94924.1233
IMG_RDR_2017033T082336_V02,2017-02-0208:23:34.428,50.6809,83.2476,194.8979,307.9648,94773.603,94773.603
IMG_RDR_2017033T082407_V02,2017-02-0208:24:04.925,50.8751,78.1238,206.8781,295.3931,94622.9956,94622.9956
IMG_RDR_2017033T082608_V02,2017-02-0208:26:06.491,60.7729,79.396,0.057919,359.89,94021.7806,94021.7806
IMG_RDR_2017033T082639_V02,2017-02-0208:26:36.988,62.605,82.4316,0.0071196,359.9991,93870.7359,93870.7359
IMG_RDR_2017033T082709_V02,2017-02-0208:27:07.486,64.4374,85.7938,0.0011092,359.9999,93719.5982,93719.5982
IMG_RDR_2017033T082740_V02,2017-02-0208:27:37.983,66.1086,89.3085,0.0014485,359.9985,93568.377,93568.377
IMG_RDR_2017033T082810_V02,2017-02-0208:28:08.481,67.6768,89.9316,0.0088828,359.991,93417.0623,93417.0623
IMG_RDR_2017033T082841_V02,2017-02-0208:28:38.977,64.9773,89.9355,0.00089555,359.9994,93265.6688,93265.6688
IMG_RDR_2017033T082911_V02,2017-02-0208:29:09.475,58.765,89.9245,0.0035066,359.9948,93114.1763,93114.1763
IMG_RDR_2017033T082942_V02,2017-02-0208:29:39.971,50.4582,89.9321,0.010966,359.9875,92962.5998,92962.5998
IMG_RDR_2017033T083012_V02,2017-02-0208:30:10.469,50.7146,89.9228,0.090962,359.9668,92810.9289,92810.9289
IMG_RDR_2017033T083043_V02,2017-02-0208:30:40.966,50.9286,87.6865,176.0246,318.1937,92659.1736,92659.1736
IMG_RDR_2017033T083113_V02,2017-02-0208:31:11.463,50.9773,83.4901,189.3736,304.255,92507.3285,92507.3285
IMG_RDR_2017033T083144_V02,2017-02-0208:31:41.961,50.2143,78.4183,201.3074,291.7638,92355.3886,92355.3886
IMG_RDR_2017033T083416_V02,2017-02-0208:34:13.994,61.4626,79.6562,0.0072087,359.9917,91596.6189,91596.6189
IMG_RDR_2017033T083446_V02,2017-02-0208:34:44.493,63.3738,82.8193,0.013185,359.9955,91444.1322,91444.1322
IMG_RDR_2017033T083517_V02,2017-02-0208:35:14.990,65.099,85.9779,0.0055154,359.9976,91291.5644,91291.5644
IMG_RDR_2017033T083547_V02,2017-02-0208:35:45.488,66.7846,89.5165,0.0013119,359.9979,91138.9003,91138.9003
IMG_RDR_2017033T083618_V02,2017-02-0208:36:15.985,68.2586,89.958,0.00010822,359.9998,90986.1495,90986.1495
IMG_RDR_2017033T083648_V02,2017-02-0208:36:46.483,65.6672,89.9599,0.0027957,359.9961,90833.302,90833.302
IMG_RDR_2017033T083719_V02,2017-02-0208:37:16.980,60.4502,89.9655,0.017465,359.9914,90680.3676,90680.3676
IMG_RDR_2017033T083749_V02,2017-02-0208:37:47.478,49.7874,89.9662,0.043526,359.9806,90527.3361,90527.3361
IMG_RDR_2017033T083820_V02,2017-02-0208:38:17.975,50.9108,89.9589,0.075458,359.7983,90374.2172,90374.2172
IMG_RDR_2017033T083850_V02,2017-02-0208:38:48.473,49.9961,87.3644,172.2344,312.1268,90221.0008,90221.0008
IMG_RDR_2017033T083921_V02,2017-02-0208:39:18.970,50.7615,83.2837,184.7787,299.0541,90067.6967,90067.6967
IMG_RDR_2017033T083951_V02,2017-02-0208:39:49.467,50.4562,78.5711,195.8231,287.5389,89914.2997,89914.2997
IMG_RDR_2017033T084223_V02,2017-02-0208:42:21.499,62.351,80.2156,0.0038125,359.9994,89148.2005,89148.2005
IMG_RDR_2017033T084254_V02,2017-02-0208:42:51.995,64.1014,83.1065,0.011283,359.9992,88994.2433,88994.2433
IMG_RDR_2017033T084324_V02,2017-02-0208:43:22.493,65.8441,86.2933,0.0015215,359.9951,88840.1868,88840.1868
IMG_RDR_2017033T084355_V02,2017-02-0208:43:52.989,67.3758,89.4883,0.00056462,359.9993,88686.0459,88686.0459
IMG_RDR_2017033T084425_V02,2017-02-0208:44:23.487,68.8603,89.9264,0.00017077,359.9974,88531.8002,88531.8002
IMG_RDR_2017033T084456_V02,2017-02-0208:44:53.984,66.7173,89.9561,0.0046109,359.9877,88377.4646,88377.4646
IMG_RDR_2017033T084526_V02,2017-02-0208:45:24.482,62.0734,89.9641,0.019244,359.9983,88223.0289,88223.0289
IMG_RDR_2017033T084557_V02,2017-02-0208:45:54.979,50.1817,89.9569,0.020503,359.9805,88068.503,88068.503
IMG_RDR_2017033T084658_V02,2017-02-0208:46:55.973,50.0523,87.5514,166.3785,308.118,87759.1644,87759.1644
IMG_RDR_2017033T084728_V02,2017-02-0208:47:26.471,50.4363,83.5113,179.0507,295.0149,87604.3462,87604.3462
IMG_RDR_2017033T084759_V02,2017-02-0208:47:56.968,50.258,79.0416,189.7496,283.962,87449.4371,87449.4371
IMG_RDR_2017033T085031_V02,2017-02-0208:50:28.998,63.0609,80.4712,0.0041062,359.9953,86675.7611,86675.7611
IMG_RDR_2017033T085101_V02,2017-02-0208:50:59.496,64.8299,83.3824,0.0036869,359.9988,86520.2672,86520.2672
IMG_RDR_2017033T085132_V02,2017-02-0208:51:29.993,66.4759,86.3712,0.00082111,359.9995,86364.6808,86364.6808
IMG_RDR_2017033T085202_V02,2017-02-0208:52:00.491,68.0748,89.6974,0.0016958,359.998,86208.9915,86208.9915
IMG_RDR_2017033T085233_V02,2017-02-0208:52:30.987,69.4205,89.9529,0.0041918,359.9987,86053.2143,86053.2143
IMG_RDR_2017033T085303_V02,2017-02-0208:53:01.485,67.6042,89.9324,0.0026425,359.9757,85897.3288,85897.3288
IMG_RDR_2017033T085334_V02,2017-02-0208:53:31.982,63.7119,89.9757,0.019267,359.9976,85741.3498,85741.3498
IMG_RDR_2017033T085404_V02,2017-02-0208:54:02.479,56.1747,89.9588,0.0043363,359.9995,85585.2723,85585.2723
IMG_RDR_2017033T085435_V02,2017-02-0208:54:32.976,50.0603,89.9502,0.075954,359.6011,85429.0959,85429.0959
IMG_RDR_2017033T085505_V02,2017-02-0208:55:03.473,49.6624,87.5965,161.0857,303.5519,85272.8204,85272.8204
IMG_RDR_2017033T085536_V02,2017-02-0208:55:33.970,49.9389,83.8628,172.9999,291.3083,85116.4457,85116.4457
IMG_RDR_2017033T085606_V02,2017-02-0208:56:04.467,49.7373,79.4742,183.8295,280.2098,84959.9662,84959.9662
IMG_RDR_2017033T085808_V02,2017-02-0208:58:06.029,63.9321,81.0292,0.0052254,359.9962,84335.2614,84335.2614
IMG_RDR_2017033T085838_V02,2017-02-0208:58:36.525,65.5443,83.6801,0.0010998,359.9978,84178.2928,84178.2928
IMG_RDR_2017033T085909_V02,2017-02-0208:59:07.023,67.202,86.693,0.0001825,359.9998,84021.213,84021.213
IMG_RDR_2017033T085939_V02,2017-02-0208:59:37.519,68.6525,89.6963,0.0050186,359.9993,83864.0425,83864.0425
IMG_RDR_2017033T090010_V02,2017-02-0209:00:08.017,70.0471,89.997,0.0016733,359.9988,83706.7603,83706.7603
IMG_RDR_2017033T090040_V02,2017-02-0209:00:38.514,68.379,89.9364,0.00087114,359.9889,83549.3819,83549.3819
IMG_RDR_2017033T090111_V02,2017-02-0209:01:09.011,64.8811,89.9936,0.014516,359.9852,83391.9016,83391.9016
IMG_RDR_2017033T090141_V02,2017-02-0209:01:39.508,58.8783,89.9426,0.0050855,359.9935,83234.3195,83234.3195
IMG_RDR_2017033T090212_V02,2017-02-0209:02:10.005,49.2277,89.9892,0.73462,359.5182,83076.6351,83076.6351
IMG_RDR_2017033T090242_V02,2017-02-0209:02:40.502,49.633,87.5052,156.6533,298.7482,82918.8483,82918.8483
IMG_RDR_2017033T090313_V02,2017-02-0209:03:10.999,49.8794,83.9045,168.1846,287.0241,82760.9589,82760.9589
IMG_RDR_2017033T090343_V02,2017-02-0209:03:41.496,49.6505,79.8578,178.3824,276.5848,82602.9665,82602.9665
IMG_RDR_2017033T090615_V02,2017-02-0209:06:13.525,64.6882,81.3324,0.002968,359.9982,81813.8247,81813.8247
IMG_RDR_2017033T090646_V02,2017-02-0209:06:44.022,66.3161,84.0025,0.00011903,359.9987,81655.2117,81655.2117
IMG_RDR_2017033T090716_V02,2017-02-0209:07:14.519,67.8769,86.8231,0.00040474,359.9948,81496.4944,81496.4944
IMG_RDR_2017033T090747_V02,2017-02-0209:07:45.016,69.3359,89.831,0.0010748,359.9997,81337.6723,81337.6723
IMG_RDR_2017033T090817_V02,2017-02-0209:08:15.513,70.6444,89.96,0.0035265,360,81178.7452,81178.7452
IMG_RDR_2017033T090848_V02,2017-02-0209:08:46.010,69.2526,89.9832,0.011001,359.9959,81019.7129,81019.7129
IMG_RDR_2017033T090918_V02,2017-02-0209:09:16.505,66.2771,89.9594,0.0024795,359.999,80860.5804,80860.5804
IMG_RDR_2017033T090949_V02,2017-02-0209:09:47.002,61.4352,89.9558,0.048739,359.9545,80701.337,80701.337
IMG_RDR_2017033T091019_V02,2017-02-0209:10:17.500,49.5446,89.9789,1.0581,359.1517,80541.9824,80541.9824
IMG_RDR_2017033T091050_V02,2017-02-0209:10:47.996,49.7918,87.5919,151.1906,294.3576,80382.532,80382.532
IMG_RDR_2017033T091120_V02,2017-02-0209:11:18.493,49.462,84.1479,162.4983,282.9683,80222.97,80222.97
IMG_RDR_2017033T091151_V02,2017-02-0209:11:48.989,49.2206,80.4565,172.1618,273.105,80063.3068,80063.3068
IMG_RDR_2017033T091423_V02,2017-02-0209:14:21.019,65.5472,81.7772,0.00052013,359.9967,79265.7463,79265.7463
IMG_RDR_2017033T091453_V02,2017-02-0209:14:51.515,67.0784,84.2807,0.00089886,359.9987,79105.4395,79105.4395
IMG_RDR_2017033T091524_V02,2017-02-0209:15:22.013,68.6453,87.11,0.00057081,359.9999,78945.0138,78945.0138
IMG_RDR_2017033T091554_V02,2017-02-0209:15:52.510,70.0561,89.9633,0.0075554,359.9956,78784.4847,78784.4847
IMG_RDR_2017033T091625_V02,2017-02-0209:16:23.006,71.2743,89.9684,0.0080931,359.9977,78623.8521,78623.8521
IMG_RDR_2017033T091655_V02,2017-02-0209:16:53.502,70.1358,89.9719,0.0013455,359.9982,78463.1103,78463.1103
IMG_RDR_2017033T091726_V02,2017-02-0209:17:23.999,67.3736,89.9631,0.0061004,359.989,78302.2539,78302.2539
IMG_RDR_2017033T091756_V02,2017-02-0209:17:54.495,63.3985,89.9564,0.0076512,359.9936,78141.2931,78141.2931
IMG_RDR_2017033T091827_V02,2017-02-0209:18:24.992,56.1413,89.9354,0.67774,358.6268,77980.2172,77980.2172
IMG_RDR_2017033T091857_V02,2017-02-0209:18:55.489,49.3875,87.6212,145.9423,289.7389,77819.0311,77819.0311
IMG_RDR_2017033T091928_V02,2017-02-0209:19:25.986,49.1258,84.3291,157.0175,278.7011,77657.7346,77657.7346
IMG_RDR_2017033T092230_V02,2017-02-0209:22:28.510,66.3672,82.1438,5.9147-05,359.9983,76690.0563,76690.0563
IMG_RDR_2017033T092301_V02,2017-02-0209:22:59.006,67.9061,84.6582,0.0026667,359.9997,76527.9816,76527.9816
IMG_RDR_2017033T092331_V02,2017-02-0209:23:29.502,69.3265,87.209,0.00078969,359.9962,76365.7997,76365.7997
IMG_RDR_2017033T092402_V02,2017-02-0209:23:59.999,70.6941,89.9756,0.000424,359.9995,76203.4998,76203.4998
IMG_RDR_2017033T092432_V02,2017-02-0209:24:30.495,71.8751,89.9715,0.0016856,359.9939,76041.0921,76041.0921
IMG_RDR_2017033T092503_V02,2017-02-0209:25:00.992,70.9097,89.9749,0.0091491,359.9889,75878.5659,75878.5659
IMG_RDR_2017033T092533_V02,2017-02-0209:25:31.488,68.5147,89.9709,0.016874,359.9938,75715.9316,75715.9316
IMG_RDR_2017033T092604_V02,2017-02-0209:26:01.985,64.9272,89.9727,0.81698,359.9725,75553.178,75553.178
IMG_RDR_2017033T092634_V02,2017-02-0209:26:32.481,59.6081,89.9674,2.0676,357.015,75390.3157,75390.3157
IMG_RDR_2017033T092705_V02,2017-02-0209:27:02.977,49.0317,87.7405,140.3321,285.4822,75227.3393,75227.3393
IMG_RDR_2017033T092735_V02,2017-02-0209:27:33.474,49.0875,84.6079,151.254,274.7019,75064.2427,75064.2427
IMG_RDR_2017033T092806_V02,2017-02-0209:28:03.970,48.7609,81.2998,160.6028,265.2282,74901.0367,74901.0367
IMG_RDR_2017033T093007_V02,2017-02-0209:30:05.530,67.1915,82.558,0.0021115,359.9994,74249.3349,74249.3349
IMG_RDR_2017033T093038_V02,2017-02-0209:30:36.027,68.684,84.9944,0.0021939,359.9987,74085.5467,74085.5467
IMG_RDR_2017033T093108_V02,2017-02-0209:31:06.523,70.0674,87.4796,0.0019378,359.998,73921.6474,73921.6474
IMG_RDR_2017033T093139_V02,2017-02-0209:31:37.019,71.3523,89.9921,0.0025991,359.9955,73757.6313,73757.6313
IMG_RDR_2017033T093209_V02,2017-02-0209:32:07.514,72.4551,89.9563,0.0042401,359.9846,73593.5035,73593.5035
IMG_RDR_2017033T093240_V02,2017-02-0209:32:38.011,71.6675,89.9506,0.0027846,359.9992,73429.2476,73429.2476
IMG_RDR_2017033T093310_V02,2017-02-0209:33:08.507,69.4893,89.9821,0.0089205,359.9523,73264.8795,73264.8795
IMG_RDR_2017033T093341_V02,2017-02-0209:33:39.003,66.4402,89.9848,0.09343,359.9989,73100.3935,73100.3935
IMG_RDR_2017033T093411_V02,2017-02-0209:34:09.499,62.0974,89.9533,0.97636,359.8656,72935.7893,72935.7893
IMG_RDR_2017033T093442_V02,2017-02-0209:34:39.995,54.3483,87.7961,135.2949,281.2802,72771.0666,72771.0666
IMG_RDR_2017033T093512_V02,2017-02-0209:35:10.491,48.2703,84.907,145.7335,271.0703,72606.2252,72606.2252
IMG_RDR_2017033T093543_V02,2017-02-0209:35:40.988,48.1335,81.6564,155.3262,261.4137,72441.2593,72441.2593
IMG_RDR_2017033T093815_V02,2017-02-0209:38:13.013,68.0335,82.93,0.0037978,359.9991,71617.127,71617.127
IMG_RDR_2017033T093845_V02,2017-02-0209:38:43.509,69.4363,85.2081,0.0025507,359.9999,71451.4481,71451.4481
IMG_RDR_2017033T093916_V02,2017-02-0209:39:14.005,70.771,87.5895,0.0025514,359.9976,71285.6481,71285.6481
IMG_RDR_2017033T093946_V02,2017-02-0209:39:44.501,72.0091,89.978,0.00038498,359.9964,71119.7268,71119.7268
IMG_RDR_2017033T094017_V02,2017-02-0209:40:14.997,73.1071,89.9563,0.0042826,359.9992,70953.6838,70953.6838
IMG_RDR_2017033T094047_V02,2017-02-0209:40:45.493,72.4749,89.9742,0.00508,359.9949,70787.5189,70787.5189
IMG_RDR_2017033T094118_V02,2017-02-0209:41:15.989,70.5184,89.9623,0.029416,359.9994,70621.2318,70621.2318
IMG_RDR_2017033T094148_V02,2017-02-0209:41:46.485,67.8261,89.9718,0.19483,359.8671,70454.8222,70454.8222
IMG_RDR_2017033T094219_V02,2017-02-0209:42:16.980,64.3132,89.9444,0.22016,357.9867,70288.2951,70288.2951
IMG_RDR_2017033T094249_V02,2017-02-0209:42:47.476,58.977,87.8842,129.8188,276.9174,70121.6396,70121.6396
IMG_RDR_2017033T094320_V02,2017-02-0209:43:17.972,48.5639,85.1346,140.1605,266.9026,69954.8606,69954.8606
IMG_RDR_2017033T094350_V02,2017-02-0209:43:48.468,48.2294,82.1707,149.3372,257.6854,69787.9578,69787.9578
IMG_RDR_2017033T094622_V02,2017-02-0209:46:20.495,68.9422,83.3827,0.0039846,359.994,68954.067,68954.067
IMG_RDR_2017033T094653_V02,2017-02-0209:46:50.990,70.2507,85.5015,0.00079255,359.9991,68786.423,68786.423
IMG_RDR_2017033T094723_V02,2017-02-0209:47:21.487,71.5792,87.8711,0.0022326,359.9996,68618.642,68618.642
IMG_RDR_2017033T094754_V02,2017-02-0209:47:51.982,72.7261,89.9753,0.0075682,359.9994,68450.7459,68450.7459
IMG_RDR_2017033T094824_V02,2017-02-0209:48:22.479,73.8091,89.9519,0.0058799,359.9855,68282.7124,68282.7124
IMG_RDR_2017033T094855_V02,2017-02-0209:48:52.975,73.1518,89.9739,0.0057118,359.9883,68114.5575,68114.5575
IMG_RDR_2017033T094925_V02,2017-02-0209:49:23.469,71.4186,89.9752,0.06162,359.8807,67946.2811,67946.2811
IMG_RDR_2017033T094956_V02,2017-02-0209:49:53.966,68.9009,89.9472,0.41343,359.7505,67777.8662,67777.8662
IMG_RDR_2017033T095026_V02,2017-02-0209:50:24.461,65.809,89.955,3.6938,345.058,67609.3347,67609.3347
IMG_RDR_2017033T095057_V02,2017-02-0209:50:54.957,61.4359,87.6777,125.6215,271.4058,67440.6696,67440.6696
IMG_RDR_2017033T095127_V02,2017-02-0209:51:25.453,54.0225,85.0463,135.752,261.6443,67271.8762,67271.8762
IMG_RDR_2017033T095158_V02,2017-02-0209:51:55.949,47.4618,82.2276,144.6736,252.6669,67102.9541,67102.9541
IMG_RDR_2017033T095430_V02,2017-02-0209:54:27.984,70.4181,84.7371,0.0022579,359.9971,66258.8779,66258.8779
IMG_RDR_2017033T095500_V02,2017-02-0209:54:58.495,72.3048,88.0493,0.0004361,359.9955,66089.0956,66089.0956
IMG_RDR_2017033T095601_V02,2017-02-0209:55:59.515,73.8181,89.9885,0.027193,359.9992,65749.1485,65749.1485
IMG_RDR_2017033T095632_V02,2017-02-0209:56:30.024,71.2005,89.9968,0.048937,359.9756,65578.9833,65578.9833
IMG_RDR_2017033T095702_V02,2017-02-0209:57:00.535,67.0781,89.989,29.1532,295.2312,65408.6749,65408.6749
IMG_RDR_2017033T110000_V02,2017-02-0210:59:57.832,73.7767,81.6313,0.00033735,359.9969,43190.6438,43190.6438
IMG_RDR_2017033T110030_V02,2017-02-0211:00:28.351,75.5066,83.8951,0.0006697,359.9993,43001.0249,43001.0249
IMG_RDR_2017033T110101_V02,2017-02-0211:00:58.868,77.088,86.1433,0.0040973,359.9987,42811.2419,42811.2419
IMG_RDR_2017033T110131_V02,2017-02-0211:01:29.387,78.573,88.5529,0.0023383,359.999,42621.2698,42621.2698
IMG_RDR_2017033T110202_V02,2017-02-0211:01:59.905,79.7845,89.9881,0.00058495,359.9885,42431.1268,42431.1268
IMG_RDR_2017033T110232_V02,2017-02-0211:02:30.424,79.8303,89.9759,0.021152,359.9748,42240.8003,42240.8003
IMG_RDR_2017033T110303_V02,2017-02-0211:03:00.941,78.425,89.9788,0.96472,359.6804,42050.3087,42050.3087
IMG_RDR_2017033T110333_V02,2017-02-0211:03:31.460,76.4191,87.9761,81.8925,228.5431,41859.6268,41859.6268
IMG_RDR_2017033T110404_V02,2017-02-0211:04:01.977,74.0253,85.4575,96.9219,214.7162,41668.7793,41668.7793
IMG_RDR_2017033T110434_V02,2017-02-0211:04:32.496,71.0825,82.716,108.6546,202.9528,41477.7411,41477.7411
IMG_RDR_2017033T110505_V02,2017-02-0211:05:03.014,67.6849,79.8601,116.9331,193.8874,41286.5304,41286.5304
IMG_RDR_2017033T110535_V02,2017-02-0211:05:33.531,63.7112,76.8605,122.8162,186.9316,41095.1473,41095.1473
IMG_RDR_2017033T110807_V02,2017-02-0211:08:05.212,75.1367,82.493,0.0035358,359.9981,40141.2403,40141.2403
IMG_RDR_2017033T110838_V02,2017-02-0211:08:35.729,76.7088,84.551,0.0003812,359.9996,39948.7852,39948.7852
IMG_RDR_2017033T110908_V02,2017-02-0211:09:06.245,78.1843,86.6575,0.00093369,359.9973,39756.1498,39756.1498
IMG_RDR_2017033T110939_V02,2017-02-0211:09:36.761,79.4866,88.7826,0.0014546,359.9976,39563.3402,39563.3402
IMG_RDR_2017033T111009_V02,2017-02-0211:10:07.279,80.5905,89.9825,0.0057115,359.9987,39370.3374,39370.3374
IMG_RDR_2017033T111040_V02,2017-02-0211:10:37.795,80.6075,89.9801,0.034435,359.9885,39177.1666,39177.1666
IMG_RDR_2017033T111110_V02,2017-02-0211:11:08.312,79.3661,89.9748,0.41206,358.0391,38983.8085,38983.8085
IMG_RDR_2017033T111141_V02,2017-02-0211:11:38.828,77.7055,88.0986,76.9068,223.9076,38790.2756,38790.2756
IMG_RDR_2017033T111211_V02,2017-02-0211:12:09.345,75.639,85.7921,91.9332,210.2031,38596.5551,38596.5551
IMG_RDR_2017033T111242_V02,2017-02-0211:12:39.861,73.2786,83.4347,103.0876,199.0652,38402.6597,38402.6597
IMG_RDR_2017033T111312_V02,2017-02-0211:13:10.378,70.5368,80.9235,111.3119,190.1021,38208.5765,38208.5765
IMG_RDR_2017033T111343_V02,2017-02-0211:13:40.893,67.5315,78.3728,117.0682,183.3033,38014.3244,38014.3244
IMG_RDR_2017033T111614_V02,2017-02-0211:16:12.568,76.562,83.4162,0.0011155,359.9999,37046.0965,37046.0965
IMG_RDR_2017033T111645_V02,2017-02-0211:16:43.083,77.9807,85.2798,0.0018475,359.999,36850.7588,36850.7588
IMG_RDR_2017033T111715_V02,2017-02-0211:17:13.598,79.3018,87.1788,0.0022335,359.9994,36655.2392,36655.2392
IMG_RDR_2017033T111746_V02,2017-02-0211:17:44.114,80.4906,89.1527,0.00011978,359.9979,36459.5312,36459.5312
IMG_RDR_2017033T111816_V02,2017-02-0211:18:14.629,81.4291,89.9976,0.0068964,359.9963,36263.6475,36263.6475
IMG_RDR_2017033T111847_V02,2017-02-0211:18:45.143,81.3383,89.9879,0.0013042,359.9941,36067.5883,36067.5883
IMG_RDR_2017033T111917_V02,2017-02-0211:19:15.657,80.2887,89.9892,11.2694,359.5053,35871.3471,35871.3471
IMG_RDR_2017033T111948_V02,2017-02-0211:19:46.173,78.8255,88.0741,73.2222,218.1961,35674.9111,35674.9111
IMG_RDR_2017033T112019_V02,2017-02-0211:20:16.687,77.1236,86.0751,87.3677,205.3343,35478.3061,35478.3061
IMG_RDR_2017033T112049_V02,2017-02-0211:20:47.201,75.1774,84.0143,98.0962,194.6408,35281.5193,35281.5193
IMG_RDR_2017033T112120_V02,2017-02-0211:21:17.715,73.0064,81.8827,105.9263,186.1026,35084.5508,35084.5508
IMG_RDR_2017033T112150_V02,2017-02-0211:21:48.230,70.5586,79.6259,111.7391,179.2494,34887.3943,34887.3943
IMG_RDR_2017033T112422_V02,2017-02-0211:24:19.880,77.7548,84.0114,0.00028933,359.9914,33904.892,33904.892
IMG_RDR_2017033T112452_V02,2017-02-0211:24:50.395,79.0889,85.7531,0.0010095,359.9966,33706.6544,33706.6544
IMG_RDR_2017033T112523_V02,2017-02-0211:25:20.909,80.3023,87.4908,0.002832,359.9996,33508.2428,33508.2428
IMG_RDR_2017033T112553_V02,2017-02-0211:25:51.423,81.3674,89.2554,0.00041549,359.9971,33309.6513,33309.6513
IMG_RDR_2017033T112624_V02,2017-02-0211:26:21.936,82.2016,89.9793,0.00013721,359.9986,33110.8863,33110.8863
IMG_RDR_2017033T112654_V02,2017-02-0211:26:52.451,82.1195,89.9888,0.47524,359.8866,32911.9288,32911.9288
IMG_RDR_2017033T112725_V02,2017-02-0211:27:22.964,81.206,89.9002,52.2394,227.2562,32712.8051,32712.8051
IMG_RDR_2017033T112755_V02,2017-02-0211:27:53.477,79.9886,88.1422,69.0957,212.9038,32513.5025,32513.5025
IMG_RDR_2017033T112826_V02,2017-02-0211:28:23.991,78.5056,86.3173,83.2949,200.0877,32314.0148,32314.0148
IMG_RDR_2017033T112856_V02,2017-02-0211:28:54.505,76.8242,84.4502,93.9238,189.498,32114.3492,32114.3492
IMG_RDR_2017033T112927_V02,2017-02-0211:29:25.018,75.0045,82.5668,101.5014,181.1929,31914.5124,31914.5124
IMG_RDR_2017033T113159_V02,2017-02-0211:31:56.689,78.7898,84.4477,0.014586,359.8564,30918.5633,30918.5633
IMG_RDR_2017033T113229_V02,2017-02-0211:32:27.203,80.0337,86.0513,0.0009955,359.9995,30717.6695,30717.6695
IMG_RDR_2017033T113300_V02,2017-02-0211:32:57.717,81.1779,87.6709,0.0040595,359.9993,30516.6016,30516.6016
IMG_RDR_2017033T113330_V02,2017-02-0211:33:28.232,82.1881,89.3354,0.0016418,359.9995,30315.354,30315.354
IMG_RDR_2017033T113401_V02,2017-02-0211:33:58.745,82.953,89.9875,0.00024531,359.9886,30113.947,30113.947
IMG_RDR_2017033T113431_V02,2017-02-0211:34:29.259,82.846,89.9838,0.0037392,359.9537,29912.3616,29912.3616
IMG_RDR_2017033T113502_V02,2017-02-0211:34:59.773,82.0047,89.6553,50.2329,220.4921,29710.6051,29710.6051
IMG_RDR_2017033T113532_V02,2017-02-0211:35:30.286,80.9062,88.0295,67.275,206.3407,29508.6849,29508.6849
IMG_RDR_2017033T113603_V02,2017-02-0211:36:00.798,79.6035,86.3796,81.0132,193.8999,29306.5954,29306.5954
IMG_RDR_2017033T113633_V02,2017-02-0211:36:31.311,78.1423,84.702,91.1203,183.7157,29104.3373,29104.3373
IMG_RDR_2017033T113704_V02,2017-02-0211:37:01.824,76.5504,82.9928,98.3754,175.6447,28901.9117,28901.9117
IMG_RDR_2017033T113734_V02,2017-02-0211:37:32.337,74.8429,81.247,103.6282,169.2779,28699.3195,28699.3195
IMG_RDR_2017033T114006_V02,2017-02-0211:40:03.882,79.8064,84.7971,262.5403,352.9865,27690.6986,27690.6986
IMG_RDR_2017033T114036_V02,2017-02-0211:40:34.396,80.9905,86.2953,0.0044308,359.9891,27487.1283,27487.1283
IMG_RDR_2017033T114107_V02,2017-02-0211:41:04.912,82.1035,87.8457,0.0092283,359.9963,27283.3861,27283.3861
IMG_RDR_2017033T114137_V02,2017-02-0211:41:35.426,83.0349,89.3614,0.0012917,359.9997,27079.5,27079.5
IMG_RDR_2017033T114208_V02,2017-02-0211:42:05.940,83.7473,89.9846,0.0077301,359.989,26875.4583,26875.4583
IMG_RDR_2017033T114238_V02,2017-02-0211:42:36.454,83.6121,89.9832,0.0044107,359.956,26671.2621,26671.2621
IMG_RDR_2017033T114309_V02,2017-02-0211:43:06.967,82.8642,89.4323,48.42,213.3678,26466.9201,26466.9201
IMG_RDR_2017033T114339_V02,2017-02-0211:43:37.481,81.8571,87.9107,66.1701,198.8071,26262.42,26262.42
IMG_RDR_2017033T114410_V02,2017-02-0211:44:07.995,80.669,86.3749,79.7896,186.3498,26057.7705,26057.7705
IMG_RDR_2017033T114440_V02,2017-02-0211:44:38.508,79.3687,84.8459,89.3186,176.5117,25852.9801,25852.9801
IMG_RDR_2017033T114511_V02,2017-02-0211:45:09.020,77.9897,83.3213,95.948,168.9028,25648.0502,25648.0502
IMG_RDR_2017033T114541_V02,2017-02-0211:45:39.533,76.5051,81.7522,100.7825,162.8468,25442.9697,25442.9697
IMG_RDR_2017033T114813_V02,2017-02-0211:48:10.968,80.6248,84.9063,260.7013,344.1762,24423.0988,24423.0988
IMG_RDR_2017033T114843_V02,2017-02-0211:48:41.485,81.8216,86.3757,250.9081,353.472,24217.175,24217.175
IMG_RDR_2017033T114914_V02,2017-02-0211:49:12.000,82.9004,87.8277,0.022066,359.9942,24011.1289,24011.1289
IMG_RDR_2017033T114944_V02,2017-02-0211:49:42.517,83.8342,89.3006,0.0021991,359.9955,23804.9497,23804.9497
IMG_RDR_2017033T115015_V02,2017-02-0211:50:13.031,84.5095,89.9909,0.00096651,359.9877,23598.6669,23598.6669
IMG_RDR_2017033T115045_V02,2017-02-0211:50:43.547,84.3905,89.9957,0.011664,359.9906,23392.2494,23392.2494
IMG_RDR_2017033T115116_V02,2017-02-0211:51:14.063,83.6683,89.1596,48.5169,204.9886,23185.7137,23185.7137
IMG_RDR_2017033T115146_V02,2017-02-0211:51:44.578,82.7222,87.7276,66.9265,189.9281,22979.0691,22979.0691
IMG_RDR_2017033T115217_V02,2017-02-0211:52:15.091,81.6486,86.3282,79.7906,177.8269,22772.3259,22772.3259
IMG_RDR_2017033T115247_V02,2017-02-0211:52:45.607,80.4165,84.8647,88.8577,168.0678,22565.4529,22565.4529
IMG_RDR_2017033T115318_V02,2017-02-0211:53:16.121,79.1369,83.4298,94.8752,160.7955,22358.4874,22358.4874
IMG_RDR_2017033T115348_V02,2017-02-0211:53:46.636,77.776,81.9647,99.1643,155.1101,22151.4125,22151.4125
IMG_RDR_2017033T115620_V02,2017-02-0211:56:17.884,81.1429,84.7037,260.9841,333.2962,21123.6503,21123.6503
IMG_RDR_2017033T115650_V02,2017-02-0211:56:48.406,82.4152,86.194,251.4172,341.7061,20915.9926,20915.9926
IMG_RDR_2017033T115721_V02,2017-02-0211:57:18.927,83.5662,87.6619,238.4846,355.0472,20708.2656,20708.2656
IMG_RDR_2017033T115751_V02,2017-02-0211:57:49.448,84.5489,89.1236,0.0014107,359.9977,20500.4674,20500.4674
IMG_RDR_2017033T115822_V02,2017-02-0211:58:19.970,85.2722,89.9969,0.0014919,359.9993,20292.5956,20292.5956
IMG_RDR_2017033T115852_V02,2017-02-0211:58:50.490,85.1185,89.9913,0.0024487,359.9355,20084.6754,20084.6754
IMG_RDR_2017033T115923_V02,2017-02-0211:59:21.009,84.3872,88.8216,51.6296,194.6886,19876.7049,19876.7049
IMG_RDR_2017033T115953_V02,2017-02-0211:59:51.529,83.4125,87.3921,70.86,178.5312,19668.6756,19668.6756
IMG_RDR_2017033T120024_V02,2017-02-0212:00:22.050,82.2757,85.9491,83.1201,166.0928,19460.5928,19460.5928
IMG_RDR_2017033T120054_V02,2017-02-0212:00:52.569,81.0706,84.5375,90.644,157.18,19252.4824,19252.4824
IMG_RDR_2017033T120125_V02,2017-02-0212:01:23.087,79.8184,83.1407,95.5425,150.6523,19044.3433,19044.3433
IMG_RDR_2017033T120155_V02,2017-02-0212:01:53.606,78.5064,81.7258,98.9545,145.6554,18836.1675,18836.1675
IMG_RDR_2017033T120426_V02,2017-02-0212:04:24.512,80.984,83.8663,264.2688,320.1864,17806.5806,17806.5806
IMG_RDR_2017033T120457_V02,2017-02-0212:04:55.045,82.484,85.5099,255.7417,326.6112,17598.2658,17598.2658
IMG_RDR_2017033T120527_V02,2017-02-0212:05:25.578,83.8662,87.1309,243.0514,337.9534,17389.968,17389.968
IMG_RDR_2017033T120558_V02,2017-02-0212:05:56.111,85.0604,88.7316,224.4582,359.2732,17181.6951,17181.6951
IMG_RDR_2017033T120628_V02,2017-02-0212:06:26.644,85.9292,89.991,0.0011399,359.9984,16973.4552,16973.4552
IMG_RDR_2017033T120659_V02,2017-02-0212:06:57.175,85.8251,89.9705,26.2017,204.9862,16765.27,16765.27
IMG_RDR_2017033T120730_V02,2017-02-0212:07:27.707,84.9707,88.4142,58.6418,181.8769,16557.1279,16557.1279
IMG_RDR_2017033T120800_V02,2017-02-0212:07:58.239,83.8502,86.8724,77.712,164.2729,16349.0444,16349.0444
IMG_RDR_2017033T120831_V02,2017-02-0212:08:28.767,82.6318,85.392,87.6098,152.6863,16141.056,16141.056
IMG_RDR_2017033T120901_V02,2017-02-0212:08:59.299,81.2953,83.8737,93.5255,144.5892,15933.1177,15933.1177
IMG_RDR_2017033T120932_V02,2017-02-0212:09:29.829,79.9369,82.389,97.1599,138.9845,15725.2804,15725.2804
IMG_RDR_2017033T121002_V02,2017-02-0212:10:00.360,78.54,80.9001,99.5958,134.8261,15517.5338,15517.5338
IMG_RDR_2017033T121202_V02,2017-02-0212:12:00.231,78.742,81.2111,270.8092,306.4496,14703.0283,14703.0283
IMG_RDR_2017033T121233_V02,2017-02-0212:12:30.786,80.8459,83.3306,265.0608,309.7863,14495.7612,14495.7612
IMG_RDR_2017033T121303_V02,2017-02-0212:13:01.345,82.8509,85.4264,255.7139,316.041,14288.6335,14288.6335
IMG_RDR_2017033T121334_V02,2017-02-0212:13:31.902,84.6347,87.434,239.6634,329.3874,14081.6988,14081.6988
IMG_RDR_2017033T121404_V02,2017-02-0212:14:02.460,86.0794,89.3947,0.012615,359.9992,13874.9504,13874.9504
IMG_RDR_2017033T121435_V02,2017-02-0212:14:33.014,86.5942,89.9944,0.0084334,359.9689,13668.4361,13668.4361
IMG_RDR_2017033T121505_V02,2017-02-0212:15:03.570,85.604,88.3847,61.2026,173.3825,13462.13,13462.13
IMG_RDR_2017033T121536_V02,2017-02-0212:15:34.125,84.2104,86.5403,82.3724,151.9596,13256.0607,13256.0607
IMG_RDR_2017033T121606_V02,2017-02-0212:16:04.680,82.6728,84.7451,91.1601,139.9312,13050.2506,13050.2506
IMG_RDR_2017033T121637_V02,2017-02-0212:16:35.231,81.114,83.0222,95.5644,132.8076,12844.736,12844.736
IMG_RDR_2017033T121708_V02,2017-02-0212:17:05.785,79.5092,81.3009,98.1779,128.0255,12639.4867,12639.4867
IMG_RDR_2017033T121738_V02,2017-02-0212:17:36.339,77.9005,79.6067,99.8189,124.634,12434.5406,12434.5406
IMG_RDR_2017033T122007_V02,2017-02-0212:20:05.363,60.6521,66.5357,278.301,293.7375,11439.8959,11439.8959
IMG_RDR_2017033T122038_V02,2017-02-0212:20:35.956,68.1669,72.2682,275.9906,294.472,11236.8609,11236.8609
IMG_RDR_2017033T122108_V02,2017-02-0212:21:06.548,73.5491,76.8562,272.8083,295.732,11034.2758,11034.2758
IMG_RDR_2017033T122139_V02,2017-02-0212:21:37.137,77.8514,80.7328,267.9544,298.0111,10832.1774,10832.1774
IMG_RDR_2017033T122210_V02,2017-02-0212:22:07.727,81.5101,84.1833,259.1858,302.8464,10630.5634,10630.5634
IMG_RDR_2017033T122240_V02,2017-02-0212:22:38.317,84.596,87.3075,239.4636,316.7766,10429.4657,10429.4657
IMG_RDR_2017033T122311_V02,2017-02-0212:23:08.902,86.7962,89.9964,0.017011,359.9975,10228.9434,10228.9434
IMG_RDR_2017033T122341_V02,2017-02-0212:23:39.492,86.1443,88.6751,56.8018,169.6786,10028.958,10028.958
IMG_RDR_2017033T122412_V02,2017-02-0212:24:10.080,84.1175,86.0597,85.5254,138.733,9829.5839,9829.5839
IMG_RDR_2017033T122442_V02,2017-02-0212:24:40.667,81.9557,83.6067,93.0792,126.3731,9630.844,9630.844
IMG_RDR_2017033T122513_V02,2017-02-0212:25:11.248,79.8594,81.3301,96.2067,120.2584,9432.801,9432.801
IMG_RDR_2017033T122544_V02,2017-02-0212:25:41.835,77.7709,79.1097,97.8684,116.4838,9235.4091,9235.4091
IMG_RDR_2017033T135859_V02,2017-02-0213:58:56.793,-81.739,-78.4604,19.3349,70.5723,21498.6918,21498.6918
IMG_RDR_2017033T135929_V02,2017-02-0213:59:27.300,-82.8921,-79.4895,15.0874,73.7158,21708.2998,21708.2998
IMG_RDR_2017033T140000_V02,2017-02-0213:59:57.808,-84.0699,-80.513,9.7112,77.9919,21917.7971,21917.7971
IMG_RDR_2017033T140030_V02,2017-02-0214:00:28.315,-85.2388,-81.4904,2.9715,83.7595,22127.1662,22127.1662
IMG_RDR_2017033T140101_V02,2017-02-0214:00:58.822,-86.4161,-82.4226,0.0047586,359.9992,22336.4109,22336.4109
IMG_RDR_2017033T140131_V02,2017-02-0214:01:29.330,-87.6191,-83.2999,0.00049695,359.9996,22545.5346,22545.5346
IMG_RDR_2017033T140202_V02,2017-02-0214:01:59.838,-88.8486,-84.0838,0.0018785,359.9969,22754.5345,22754.5345
IMG_RDR_2017033T140232_V02,2017-02-0214:02:30.346,-89.9887,-84.7003,0.0014719,359.9968,22963.3937,22963.3937
IMG_RDR_2017033T140303_V02,2017-02-0214:03:00.854,-89.9909,-85.0621,0.15167,359.9784,23172.1163,23172.1163
IMG_RDR_2017033T140333_V02,2017-02-0214:03:31.363,-89.981,-84.546,135.2783,314.6091,23380.7063,23380.7063
IMG_RDR_2017033T140404_V02,2017-02-0214:04:01.873,-88.7169,-83.7887,153.1136,299.6461,23589.1612,23589.1612
IMG_RDR_2017033T140434_V02,2017-02-0214:04:32.382,-87.4577,-82.8744,167.5034,286.6703,23797.4647,23797.4647
IMG_RDR_2017033T140505_V02,2017-02-0214:05:02.891,-86.1858,-81.8424,178.117,276.1245,24005.6213,24005.6213
IMG_RDR_2017033T140535_V02,2017-02-0214:05:33.402,-84.8642,-80.693,185.8975,267.6491,24213.6422,24213.6422
IMG_RDR_2017033T140606_V02,2017-02-0214:06:03.912,-83.5449,-79.4902,191.3833,261.1519,24421.5046,24421.5046
IMG_RDR_2017033T140636_V02,2017-02-0214:06:34.424,-82.1721,-78.198,195.5059,255.9154,24629.227,24629.227
IMG_RDR_2017033T140707_V02,2017-02-0214:07:04.932,-80.8558,-76.928,198.3998,251.9384,24836.7665,24836.7665
IMG_RDR_2017033T140737_V02,2017-02-0214:07:35.444,-79.4451,-75.5438,200.761,248.5104,25044.1752,25044.1752
IMG_RDR_2017033T140808_V02,2017-02-0214:08:05.955,-78.0319,-74.1367,202.5533,245.7015,25251.4176,25251.4176
IMG_RDR_2017033T141846_V02,2017-02-0214:18:44.196,-81.1677,-76.0496,1.498,65.7508,29547.3771,29547.3771
IMG_RDR_2017033T141917_V02,2017-02-0214:19:14.699,-82.2986,-77.0709,0.010736,359.987,29750.7199,29750.7199
IMG_RDR_2017033T141947_V02,2017-02-0214:19:45.200,-83.3801,-78.0194,0.0043657,359.9996,29953.8633,29953.8633
IMG_RDR_2017033T142018_V02,2017-02-0214:20:15.704,-84.5317,-78.9986,0.0011732,359.9992,30156.8397,30156.8397
IMG_RDR_2017033T142048_V02,2017-02-0214:20:46.206,-85.6356,-79.8937,0.00084384,359.9991,30359.6154,30359.6154
IMG_RDR_2017033T142119_V02,2017-02-0214:21:16.708,-86.7396,-80.7377,0.0015396,359.9971,30562.2032,30562.2032
IMG_RDR_2017033T142149_V02,2017-02-0214:21:47.211,-87.868,-81.533,0.0022308,359.998,30764.6092,30764.6092
IMG_RDR_2017033T142220_V02,2017-02-0214:22:17.715,-89.0209,-82.2543,0.0051983,359.9989,30966.8328,30966.8328
IMG_RDR_2017033T142250_V02,2017-02-0214:22:48.218,-89.9863,-82.8452,0.0047001,359.9994,31168.8604,31168.8604
IMG_RDR_2017033T142321_V02,2017-02-0214:23:18.721,-89.99,-83.2941,0.058362,359.9296,31370.6983,31370.6983
IMG_RDR_2017033T142351_V02,2017-02-0214:23:49.224,-89.9872,-83.2651,0.057284,359.986,31572.3461,31572.3461
IMG_RDR_2017033T142422_V02,2017-02-0214:24:19.727,-89.9494,-82.7528,122.2183,302.3501,31773.8033,31773.8033
IMG_RDR_2017033T142452_V02,2017-02-0214:24:50.232,-88.7616,-82.0742,134.2133,291.4703,31975.0829,31975.0829
IMG_RDR_2017033T142523_V02,2017-02-0214:25:20.734,-87.6404,-81.3266,144.4624,281.8867,32176.1516,32176.1516
IMG_RDR_2017033T142553_V02,2017-02-0214:25:51.239,-86.4456,-80.4464,153.764,272.8318,32377.0487,32377.0487
IMG_RDR_2017033T142624_V02,2017-02-0214:26:21.743,-85.2739,-79.5163,161.1625,265.2238,32577.7475,32577.7475
IMG_RDR_2017033T142654_V02,2017-02-0214:26:52.248,-84.0738,-78.5127,167.206,258.6705,32778.261,32778.261
IMG_RDR_2017033T142725_V02,2017-02-0214:27:22.751,-82.9188,-77.5067,171.8056,253.3802,32978.5693,32978.5693
IMG_RDR_2017033T142755_V02,2017-02-0214:27:53.256,-81.7091,-76.4225,175.6654,248.7375,33178.6985,33178.6985
IMG_RDR_2017033T143904_V02,2017-02-0214:39:02.559,-79.4269,-72.1051,0.0021214,359.9999,37521.1857,37521.1857
IMG_RDR_2017033T143935_V02,2017-02-0214:39:33.062,-80.7309,-73.3567,0.0019771,359.9985,37716.8841,37716.8841
IMG_RDR_2017033T144005_V02,2017-02-0214:40:03.565,-82.0233,-74.5634,0.00034294,359.9994,37912.3911,37912.3911
IMG_RDR_2017033T144036_V02,2017-02-0214:40:34.068,-83.3046,-75.7207,0.0015481,359.9999,38107.707,38107.707
IMG_RDR_2017033T144106_V02,2017-02-0214:41:04.572,-84.6074,-76.8513,0.00065437,359.999,38302.8382,38302.8382
IMG_RDR_2017033T144137_V02,2017-02-0214:41:35.074,-85.8374,-77.8628,0.0035161,359.9948,38497.7659,38497.7659
IMG_RDR_2017033T144207_V02,2017-02-0214:42:05.577,-87.1238,-78.8547,0.00074057,359.9993,38692.5157,38692.5157
IMG_RDR_2017033T144238_V02,2017-02-0214:42:36.080,-88.372,-79.7328,0.0008403,359.9989,38887.0689,38887.0689
IMG_RDR_2017033T144308_V02,2017-02-0214:43:06.584,-89.6455,-80.5238,0.0014057,359.9937,39081.4382,39081.4382
IMG_RDR_2017033T144339_V02,2017-02-0214:43:37.086,-89.9817,-81.1475,0.0016834,359.9937,39275.605,39275.605
IMG_RDR_2017033T144409_V02,2017-02-0214:44:07.590,-89.9872,-81.6488,0.0069334,359.9911,39469.595,39469.595
IMG_RDR_2017033T144440_V02,2017-02-0214:44:38.094,-89.9975,-81.5174,0.017543,359.9511,39663.3955,39663.3955
IMG_RDR_2017033T144510_V02,2017-02-0214:45:08.598,-89.9753,-80.9381,108.5778,290.643,39857.007,39857.007
IMG_RDR_2017033T144541_V02,2017-02-0214:45:39.101,-88.7278,-80.2468,118.3307,281.3518,40050.4234,40050.4234
IMG_RDR_2017033T144611_V02,2017-02-0214:46:09.605,-87.4529,-79.4362,127.7164,272.2986,40243.6576,40243.6576
IMG_RDR_2017033T144642_V02,2017-02-0214:46:40.109,-86.1825,-78.5434,136.0413,264.0493,40436.7035,40436.7035
IMG_RDR_2017033T144712_V02,2017-02-0214:47:10.614,-84.8842,-77.562,143.3203,256.5933,40629.5679,40629.5679
IMG_RDR_2017033T144743_V02,2017-02-0214:47:41.118,-83.6195,-76.5512,149.2228,250.2859,40822.2382,40822.2382
IMG_RDR_2017033T144813_V02,2017-02-0214:48:11.622,-82.3558,-75.4981,154.097,244.8599,41014.7212,41014.7212
IMG_RDR_2017033T145853_V02,2017-02-0214:58:50.699,-77.0542,-67.1152,3.4111-05,359.9991,45004.8754,45004.8754
IMG_RDR_2017033T145923_V02,2017-02-0214:59:21.203,-78.6545,-68.8072,0.00046582,359.9998,45193.3326,45193.3326
IMG_RDR_2017033T145954_V02,2017-02-0214:59:51.707,-80.2226,-70.4106,0.00031315,360,45381.6107,45381.6107
IMG_RDR_2017033T150024_V02,2017-02-0215:00:22.212,-81.8043,-71.9711,0.00047885,359.9977,45569.7163,45569.7163
IMG_RDR_2017033T150055_V02,2017-02-0215:00:52.715,-83.2773,-73.3625,0.00076898,359.9986,45757.631,45757.631
IMG_RDR_2017033T150125_V02,2017-02-0215:01:23.220,-84.8113,-74.7448,0.00064943,359.9991,45945.3802,45945.3802
IMG_RDR_2017033T150156_V02,2017-02-0215:01:53.724,-86.2823,-75.9899,0.00029637,359.9932,46132.9456,46132.9456
IMG_RDR_2017033T150226_V02,2017-02-0215:02:24.230,-87.8172,-77.1921,0.0016091,359.9998,46320.3463,46320.3463
IMG_RDR_2017033T150257_V02,2017-02-0215:02:54.733,-89.2133,-78.1706,0.0025335,359.9965,46507.5516,46507.5516
IMG_RDR_2017033T150327_V02,2017-02-0215:03:25.238,-89.9846,-79.0606,0.0080853,359.9977,46694.5929,46694.5929
IMG_RDR_2017033T150428_V02,2017-02-0215:04:26.248,-89.9846,-80.1593,0.027235,359.9783,47068.1479,47068.1479
IMG_RDR_2017033T150459_V02,2017-02-0215:04:56.752,-89.9788,-79.5909,0.38438,359.9779,47254.6564,47254.6564
IMG_RDR_2017033T150529_V02,2017-02-0215:05:27.257,-89.2892,-78.8571,100.1299,274.8205,47440.9962,47440.9962
IMG_RDR_2017033T150600_V02,2017-02-0215:05:57.762,-87.8229,-78.0004,109.4677,265.6702,47627.1618,47627.1618
IMG_RDR_2017033T150630_V02,2017-02-0215:06:28.268,-86.3301,-77.0219,118.284,256.9125,47813.1594,47813.1594
IMG_RDR_2017033T150701_V02,2017-02-0215:06:58.772,-84.9266,-76.0184,125.6084,249.4282,47998.9713,47998.9713
IMG_RDR_2017033T150731_V02,2017-02-0215:07:29.277,-83.4931,-74.929,132.0578,242.655,48184.6163,48184.6163
IMG_RDR_2017033T150802_V02,2017-02-0215:07:59.783,-82.0301,-73.763,137.6042,236.6381,48370.0946,48370.0946
IMG_RDR_2017033T151841_V02,2017-02-0215:18:38.968,-74.1812,-60.7321,0.026306,359.9483,52217.3953,52217.3953
IMG_RDR_2017033T151911_V02,2017-02-0215:19:09.473,-76.1834,-63.193,0.00053525,359.9995,52399.181,52399.181
IMG_RDR_2017033T151942_V02,2017-02-0215:19:39.979,-78.1762,-65.5153,0.00030581,359.9985,52580.8097,52580.8097
IMG_RDR_2017033T152012_V02,2017-02-0215:20:10.484,-80.0523,-67.5915,0.00056636,359.9983,52762.2695,52762.2695
IMG_RDR_2017033T152043_V02,2017-02-0215:20:40.990,-81.9324,-69.57,0.00068677,359.9978,52943.5731,52943.5731
IMG_RDR_2017033T152113_V02,2017-02-0215:21:11.495,-83.7145,-71.3417,0.0011729,359.9995,53124.7088,53124.7088
IMG_RDR_2017033T152144_V02,2017-02-0215:21:42.000,-85.5076,-73.0155,0.0023968,359.9958,53305.689,53305.689
IMG_RDR_2017033T152214_V02,2017-02-0215:22:12.505,-87.2179,-74.4904,0.003131,359.9989,53486.5022,53486.5022
IMG_RDR_2017033T152245_V02,2017-02-0215:22:43.010,-88.8961,-75.8035,0.0013572,359.9959,53667.1547,53667.1547
IMG_RDR_2017033T152315_V02,2017-02-0215:23:13.516,-89.9872,-76.9696,0.00533,359.998,53847.6529,53847.6529
IMG_RDR_2017033T152346_V02,2017-02-0215:23:44.022,-89.9866,-77.9174,0.010879,359.9689,54027.9913,54027.9913
IMG_RDR_2017033T152416_V02,2017-02-0215:24:14.527,-89.9882,-78.6054,0.03452,359.9583,54208.1644,54208.1644
IMG_RDR_2017033T152447_V02,2017-02-0215:24:45.033,-89.9881,-78.1864,0.024697,359.8378,54388.1843,54388.1843
IMG_RDR_2017033T152517_V02,2017-02-0215:25:15.539,-89.6245,-77.3864,84.7855,265.8661,54568.0456,54568.0456
IMG_RDR_2017033T152548_V02,2017-02-0215:25:46.045,-87.9293,-76.4453,94.174,256.5194,54747.7488,54747.7488
IMG_RDR_2017033T152618_V02,2017-02-0215:26:16.551,-86.2572,-75.393,102.9526,247.7026,54927.2942,54927.2942
IMG_RDR_2017033T152649_V02,2017-02-0215:26:47.056,-84.6518,-74.287,110.5583,239.9062,55106.6763,55106.6763
IMG_RDR_2017033T152719_V02,2017-02-0215:27:17.563,-82.9776,-73.0542,117.4912,232.6552,55285.9132,55285.9132
IMG_RDR_2017033T152750_V02,2017-02-0215:27:48.068,-81.4192,-71.8423,122.9736,226.7192,55464.9819,55464.9819
IMG_RDR_2017033T153900_V02,2017-02-0215:38:57.786,-70.5629,-50.7077,0.00096241,359.999,59357.6894,59357.6894
IMG_RDR_2017033T153930_V02,2017-02-0215:39:28.292,-73.1203,-55.2096,0.0023289,359.9993,59533.2804,59533.2804
IMG_RDR_2017033T154001_V02,2017-02-0215:39:58.799,-75.6157,-58.9388,0.0011521,359.999,59708.7301,59708.7301
IMG_RDR_2017033T154031_V02,2017-02-0215:40:29.307,-78.0593,-62.1894,0.00079413,359.9974,59884.0388,59884.0388
IMG_RDR_2017033T154102_V02,2017-02-0215:40:59.814,-80.335,-64.9642,0.00017945,359.9979,60059.1955,60059.1955
IMG_RDR_2017033T154132_V02,2017-02-0215:41:30.321,-82.5293,-67.4421,0.00086725,359.9991,60234.2063,60234.2063
IMG_RDR_2017033T154203_V02,2017-02-0215:42:00.828,-84.6541,-69.6641,0.0012776,359.999,60409.0715,60409.0715
IMG_RDR_2017033T154233_V02,2017-02-0215:42:31.335,-86.7147,-71.6407,0.0024437,359.9989,60583.7915,60583.7915
IMG_RDR_2017033T154304_V02,2017-02-0215:43:01.842,-88.7242,-73.3794,0.0015712,359.9962,60758.3668,60758.3668
IMG_RDR_2017033T154334_V02,2017-02-0215:43:32.350,-89.9735,-74.9046,0.011115,359.9932,60932.8034,60932.8034
IMG_RDR_2017033T154405_V02,2017-02-0215:44:02.857,-89.9957,-76.1109,0.0033414,359.9859,61107.0902,61107.0902
IMG_RDR_2017033T154435_V02,2017-02-0215:44:33.364,-89.9677,-77.0132,0.01527,359.9881,61281.2334,61281.2334
IMG_RDR_2017033T154506_V02,2017-02-0215:45:03.871,-89.993,-76.6468,0.15783,359.954,61455.2334,61455.2334
IMG_RDR_2017033T154536_V02,2017-02-0215:45:34.379,-89.5368,-75.7116,71.9012,254.1065,61629.0961,61629.0961
IMG_RDR_2017033T154607_V02,2017-02-0215:46:04.886,-87.5902,-74.6421,81.4116,244.5415,61802.8106,61802.8106
IMG_RDR_2017033T154637_V02,2017-02-0215:46:35.394,-85.628,-73.4192,90.5319,235.3189,61976.3885,61976.3885
IMG_RDR_2017033T154708_V02,2017-02-0215:47:05.901,-83.7543,-72.137,98.3871,227.2355,62149.8191,62149.8191
IMG_RDR_2017033T154738_V02,2017-02-0215:47:36.409,-81.8601,-70.7506,105.3039,219.962,62323.1138,62323.1138
IMG_RDR_2017033T154809_V02,2017-02-0215:48:06.915,-80.0915,-69.3853,110.7865,213.9966,62496.2562,62496.2562
IMG_RDR_2017033T155850_V02,2017-02-0215:58:46.874,,,,,,
IMG_RDR_2017033T155920_V02,2017-02-0215:59:17.374,,,,,,
IMG_RDR_2017033T155951_V02,2017-02-0215:59:47.874,,,,,,
IMG_RDR_2017033T160021_V02,2017-02-0216:00:18.373,,,,,,
IMG_RDR_2017033T160122_V02,2017-02-0216:01:19.373,,,,,,
IMG_RDR_2017033T160153_V02,2017-02-0216:01:49.872,,,,,,
IMG_RDR_2017033T160223_V02,2017-02-0216:02:20.372,,,,,,
IMG_RDR_2017033T160254_V02,2017-02-0216:02:50.872,,,,,,
IMG_RDR_2017033T160324_V02,2017-02-0216:03:21.372,,,,,,
IMG_RDR_2017033T160355_V02,2017-02-0216:03:51.872,,,,,,
IMG_RDR_2017033T160425_V02,2017-02-0216:04:22.372,,,,,,
IMG_RDR_2017033T160456_V02,2017-02-0216:04:52.873,,,,,,
IMG_RDR_2017033T160526_V02,2017-02-0216:05:23.372,,,,,,
IMG_RDR_2017033T160557_V02,2017-02-0216:05:53.873,,,,,,
IMG_RDR_2017033T160627_V02,2017-02-0216:06:24.372,,,,,,
IMG_RDR_2017033T160658_V02,2017-02-0216:06:54.873,,,,,,
IMG_RDR_2017033T160728_V02,2017-02-0216:07:25.372,,,,,,
IMG_RDR_2017033T160759_V02,2017-02-0216:07:55.873,,,,,,
IMG_RDR_2017033T160829_V02,2017-02-0216:08:26.373,,,,,,
IMG_RDR_2017033T160900_V02,2017-02-0216:08:56.873,,,,,,
IMG_RDR_2017033T160930_V02,2017-02-0216:09:27.374,,,,,,
IMG_RDR_2017033T161001_V02,2017-02-0216:09:57.873,,,,,,
IMG_RDR_2017033T161031_V02,2017-02-0216:10:28.374,,,,,,
IMG_RDR_2017033T161102_V02,2017-02-0216:10:58.874,,,,,,
IMG_RDR_2017033T161132_V02,2017-02-0216:11:29.374,,,,,,
IMG_RDR_2017033T161203_V02,2017-02-0216:11:59.874,,,,,,
IMG_RDR_2017033T161233_V02,2017-02-0216:12:30.374,,,,,,
IMG_RDR_2017033T161304_V02,2017-02-0216:13:00.874,,,,,,
IMG_RDR_2017033T161606_V02,2017-02-0216:16:03.010,,,,,,
IMG_RDR_2017033T161636_V02,2017-02-0216:16:33.512,,,,,,
IMG_RDR_2017033T161707_V02,2017-02-0216:17:04.016,,,,,,
IMG_RDR_2017033T161737_V02,2017-02-0216:17:34.518,,,,,,
IMG_RDR_2017033T161808_V02,2017-02-0216:18:05.022,,,,,,
IMG_RDR_2017033T161838_V02,2017-02-0216:18:35.525,,,,,,
IMG_RDR_2017033T161909_V02,2017-02-0216:19:06.028,,,,,,
IMG_RDR_2017033T161939_V02,2017-02-0216:19:36.531,,,,,,
IMG_RDR_2017033T162010_V02,2017-02-0216:20:07.035,,,,,,
IMG_RDR_2017033T162040_V02,2017-02-0216:20:37.537,,,,,,
IMG_RDR_2017033T162111_V02,2017-02-0216:21:08.041,,,,,,
IMG_RDR_2017033T162141_V02,2017-02-0216:21:38.544,,,,,,
IMG_RDR_2017033T162212_V02,2017-02-0216:22:09.048,,,,,,
IMG_RDR_2017033T162242_V02,2017-02-0216:22:39.550,,,,,,
IMG_RDR_2017033T162313_V02,2017-02-0216:23:10.054,,,,,,
IMG_RDR_2017033T162343_V02,2017-02-0216:23:40.558,,,,,,
IMG_RDR_2017033T162414_V02,2017-02-0216:24:11.061,,,,,,
IMG_RDR_2017033T162444_V02,2017-02-0216:24:41.565,,,,,,
IMG_RDR_2017033T162515_V02,2017-02-0216:25:12.067,,,,,,
IMG_RDR_2017033T162545_V02,2017-02-0216:25:42.571,,,,,,
IMG_RDR_2017033T162616_V02,2017-02-0216:26:13.074,,,,,,
IMG_RDR_2017033T162646_V02,2017-02-0216:26:43.578,,,,,,
IMG_RDR_2017033T162717_V02,2017-02-0216:27:14.081,,,,,,
IMG_RDR_2017033T162747_V02,2017-02-0216:27:44.585,,,,,,
IMG_RDR_2017033T162818_V02,2017-02-0216:28:15.088,,,,,,
IMG_RDR_2017033T163049_V02,2017-02-0216:30:46.786,,,,,,
IMG_RDR_2017033T163150_V02,2017-02-0216:31:47.790,,,,,,
IMG_RDR_2017033T163221_V02,2017-02-0216:32:18.291,,,,,,
IMG_RDR_2017033T163251_V02,2017-02-0216:32:48.794,,,,,,
IMG_RDR_2017033T163322_V02,2017-02-0216:33:19.296,,,,,,
IMG_RDR_2017033T163352_V02,2017-02-0216:33:49.798,,,,,,
IMG_RDR_2017033T163423_V02,2017-02-0216:34:20.300,,,,,,
IMG_RDR_2017033T163453_V02,2017-02-0216:34:50.802,,,,,,
IMG_RDR_2017033T163524_V02,2017-02-0216:35:21.305,,,,,,
IMG_RDR_2017033T163554_V02,2017-02-0216:35:51.806,,,,,,
IMG_RDR_2017033T163625_V02,2017-02-0216:36:22.309,,,,,,
IMG_RDR_2017033T163655_V02,2017-02-0216:36:52.810,,,,,,
IMG_RDR_2017033T163726_V02,2017-02-0216:37:23.313,,,,,,
IMG_RDR_2017033T163756_V02,2017-02-0216:37:53.814,,,,,,
IMG_RDR_2017033T163827_V02,2017-02-0216:38:24.317,,,,,,
IMG_RDR_2017033T163857_V02,2017-02-0216:38:54.819,,,,,,
IMG_RDR_2017033T163928_V02,2017-02-0216:39:25.322,,,,,,
IMG_RDR_2017033T163958_V02,2017-02-0216:39:55.823,,,,,,
IMG_RDR_2017033T164029_V02,2017-02-0216:40:26.326,,,,,,
IMG_RDR_2017033T164059_V02,2017-02-0216:40:56.829,,,,,,
IMG_RDR_2017033T164130_V02,2017-02-0216:41:27.330,,,,,,
IMG_RDR_2017033T164200_V02,2017-02-0216:41:57.832,,,,,,
IMG_RDR_2017033T164231_V02,2017-02-0216:42:28.333,,,,,,
IMG_RDR_2017033T164301_V02,2017-02-0216:42:58.836,,,,,,
IMG_RDR_2017033T164604_V02,2017-02-0216:46:01.041,,,,,,
IMG_RDR_2017033T164634_V02,2017-02-0216:46:31.542,,,,,,
IMG_RDR_2017033T164705_V02,2017-02-0216:47:02.043,,,,,,
IMG_RDR_2017033T164735_V02,2017-02-0216:47:32.543,,,,,,
IMG_RDR_2017033T164806_V02,2017-02-0216:48:03.045,,,,,,
IMG_RDR_2017033T164836_V02,2017-02-0216:48:33.545,,,,,,
IMG_RDR_2017033T164907_V02,2017-02-0216:49:04.046,,,,,,
IMG_RDR_2017033T164937_V02,2017-02-0216:49:34.546,,,,,,
IMG_RDR_2017033T165008_V02,2017-02-0216:50:05.048,,,,,,
IMG_RDR_2017033T165038_V02,2017-02-0216:50:35.548,,,,,,
IMG_RDR_2017033T165109_V02,2017-02-0216:51:06.049,,,,,,
IMG_RDR_2017033T165139_V02,2017-02-0216:51:36.551,,,,,,
IMG_RDR_2017033T165210_V02,2017-02-0216:52:07.051,,,,,,
IMG_RDR_2017033T165240_V02,2017-02-0216:52:37.553,,,,,,
IMG_RDR_2017033T165311_V02,2017-02-0216:53:08.053,,,,,,
IMG_RDR_2017033T165341_V02,2017-02-0216:53:38.554,,,,,,
IMG_RDR_2017033T165412_V02,2017-02-0216:54:09.055,,,,,,
IMG_RDR_2017033T165442_V02,2017-02-0216:54:39.556,,,,,,
IMG_RDR_2017033T165513_V02,2017-02-0216:55:10.055,,,,,,
IMG_RDR_2017033T165543_V02,2017-02-0216:55:40.557,,,,,,
IMG_RDR_2017033T165614_V02,2017-02-0216:56:11.058,,,,,,
IMG_RDR_2017033T165644_V02,2017-02-0216:56:41.560,,,,,,
IMG_RDR_2017033T165715_V02,2017-02-0216:57:12.061,,,,,,
IMG_RDR_2017033T165745_V02,2017-02-0216:57:42.562,,,,,,
IMG_RDR_2017033T165816_V02,2017-02-0216:58:13.063,,,,,,
IMG_RDR_2017033T170047_V02,2017-02-0217:00:44.828,,,,,,
IMG_RDR_2017033T170118_V02,2017-02-0217:01:15.328,,,,,,
IMG_RDR_2017033T170219_V02,2017-02-0217:02:16.328,,,,,,
IMG_RDR_2017033T170249_V02,2017-02-0217:02:46.827,,,,,,
IMG_RDR_2017033T170320_V02,2017-02-0217:03:17.327,,,,,,
IMG_RDR_2017033T170350_V02,2017-02-0217:03:47.826,,,,,,
IMG_RDR_2017033T170421_V02,2017-02-0217:04:18.327,,,,,,
IMG_RDR_2017033T170451_V02,2017-02-0217:04:48.826,,,,,,
IMG_RDR_2017033T170522_V02,2017-02-0217:05:19.327,,,,,,
IMG_RDR_2017033T170552_V02,2017-02-0217:05:49.827,,,,,,
IMG_RDR_2017033T170623_V02,2017-02-0217:06:20.326,,,,,,
IMG_RDR_2017033T170653_V02,2017-02-0217:06:50.827,,,,,,
IMG_RDR_2017033T170724_V02,2017-02-0217:07:21.326,,,,,,
IMG_RDR_2017033T170754_V02,2017-02-0217:07:51.827,,,,,,
IMG_RDR_2017033T170825_V02,2017-02-0217:08:22.325,,,,,,
IMG_RDR_2017033T170855_V02,2017-02-0217:08:52.825,,,,,,
IMG_RDR_2017033T170926_V02,2017-02-0217:09:23.325,,,,,,
IMG_RDR_2017033T170956_V02,2017-02-0217:09:53.825,,,,,,
IMG_RDR_2017033T171027_V02,2017-02-0217:10:24.325,,,,,,
IMG_RDR_2017033T171057_V02,2017-02-0217:10:54.825,,,,,,
IMG_RDR_2017033T171128_V02,2017-02-0217:11:25.325,,,,,,
IMG_RDR_2017033T171158_V02,2017-02-0217:11:55.825,,,,,,
IMG_RDR_2017033T171229_V02,2017-02-0217:12:26.325,,,,,,
IMG_RDR_2017033T171259_V02,2017-02-0217:12:56.825,,,,,,
IMG_RDR_2017033T171602_V02,2017-02-0217:15:59.094,,,,,,
IMG_RDR_2017033T171632_V02,2017-02-0217:16:29.594,,,,,,
IMG_RDR_2017033T171703_V02,2017-02-0217:17:00.092,,,,,,
IMG_RDR_2017033T171733_V02,2017-02-0217:17:30.592,,,,,,
IMG_RDR_2017033T171804_V02,2017-02-0217:18:01.091,,,,,,
IMG_RDR_2017033T171834_V02,2017-02-0217:18:31.590,,,,,,
IMG_RDR_2017033T171905_V02,2017-02-0217:19:02.088,,,,,,
IMG_RDR_2017033T171935_V02,2017-02-0217:19:32.588,,,,,,
IMG_RDR_2017033T172006_V02,2017-02-0217:20:03.086,,,,,,
IMG_RDR_2017033T172036_V02,2017-02-0217:20:33.586,,,,,,
IMG_RDR_2017033T172107_V02,2017-02-0217:21:04.085,,,,,,
IMG_RDR_2017033T172137_V02,2017-02-0217:21:34.583,,,,,,
IMG_RDR_2017033T172208_V02,2017-02-0217:22:05.082,,,,,,
IMG_RDR_2017033T172238_V02,2017-02-0217:22:35.581,,,,,,
IMG_RDR_2017033T172309_V02,2017-02-0217:23:06.080,,,,,,
IMG_RDR_2017033T172339_V02,2017-02-0217:23:36.579,,,,,,
IMG_RDR_2017033T172410_V02,2017-02-0217:24:07.079,,,,,,
IMG_RDR_2017033T172440_V02,2017-02-0217:24:37.578,,,,,,
IMG_RDR_2017033T172511_V02,2017-02-0217:25:08.077,,,,,,
IMG_RDR_2017033T172541_V02,2017-02-0217:25:38.576,,,,,,
IMG_RDR_2017033T172612_V02,2017-02-0217:26:09.075,,,,,,
IMG_RDR_2017033T172642_V02,2017-02-0217:26:39.574,,,,,,
IMG_RDR_2017033T172713_V02,2017-02-0217:27:10.074,,,,,,
IMG_RDR_2017033T172743_V02,2017-02-0217:27:40.572,,,,,,
IMG_RDR_2017033T172814_V02,2017-02-0217:28:11.072,,,,,,
IMG_RDR_2017033T173046_V02,2017-02-0217:30:42.888,,,,,,
IMG_RDR_2017033T173116_V02,2017-02-0217:31:13.387,,,,,,
IMG_RDR_2017033T173147_V02,2017-02-0217:31:43.885,,,,,,
IMG_RDR_2017033T173248_V02,2017-02-0217:32:44.882,,,,,,
IMG_RDR_2017033T173318_V02,2017-02-0217:33:15.380,,,,,,
IMG_RDR_2017033T173349_V02,2017-02-0217:33:45.878,,,,,,
IMG_RDR_2017033T173419_V02,2017-02-0217:34:16.376,,,,,,
IMG_RDR_2017033T173450_V02,2017-02-0217:34:46.875,,,,,,
IMG_RDR_2017033T173520_V02,2017-02-0217:35:17.372,,,,,,
IMG_RDR_2017033T173551_V02,2017-02-0217:35:47.870,,,,,,
IMG_RDR_2017033T173621_V02,2017-02-0217:36:18.368,,,,,,
IMG_RDR_2017033T173652_V02,2017-02-0217:36:48.867,,,,,,
IMG_RDR_2017033T173722_V02,2017-02-0217:37:19.365,,,,,,
IMG_RDR_2017033T173753_V02,2017-02-0217:37:49.863,,,,,,
IMG_RDR_2017033T173823_V02,2017-02-0217:38:20.361,,,,,,
IMG_RDR_2017033T173854_V02,2017-02-0217:38:50.860,,,,,,
IMG_RDR_2017033T173924_V02,2017-02-0217:39:21.359,,,,,,
IMG_RDR_2017033T173955_V02,2017-02-0217:39:51.857,,,,,,
IMG_RDR_2017033T174025_V02,2017-02-0217:40:22.355,,,,,,
IMG_RDR_2017033T174056_V02,2017-02-0217:40:52.853,,,,,,
IMG_RDR_2017033T174126_V02,2017-02-0217:41:23.352,,,,,,
IMG_RDR_2017033T174157_V02,2017-02-0217:41:53.850,,,,,,
IMG_RDR_2017033T174227_V02,2017-02-0217:42:24.349,,,,,,
IMG_RDR_2017033T174257_V02,2017-02-0217:42:54.847,,,,,,
IMG_RDR_2017033T174600_V02,2017-02-0217:45:57.162,,,,,,
IMG_RDR_2017033T174630_V02,2017-02-0217:46:27.658,,,,,,
IMG_RDR_2017033T174701_V02,2017-02-0217:46:58.157,,,,,,
IMG_RDR_2017033T174731_V02,2017-02-0217:47:28.655,,,,,,
IMG_RDR_2017033T174802_V02,2017-02-0217:47:59.153,,,,,,
IMG_RDR_2017033T174832_V02,2017-02-0217:48:29.650,,,,,,
IMG_RDR_2017033T174903_V02,2017-02-0217:49:00.148,,,,,,
IMG_RDR_2017033T174933_V02,2017-02-0217:49:30.645,,,,,,
IMG_RDR_2017033T175004_V02,2017-02-0217:50:01.142,,,,,,
IMG_RDR_2017033T175034_V02,2017-02-0217:50:31.640,,,,,,
IMG_RDR_2017033T175105_V02,2017-02-0217:51:02.137,,,,,,
IMG_RDR_2017033T175135_V02,2017-02-0217:51:32.634,,,,,,
IMG_RDR_2017033T175206_V02,2017-02-0217:52:03.132,,,,,,
IMG_RDR_2017033T175236_V02,2017-02-0217:52:33.631,,,,,,
IMG_RDR_2017033T175307_V02,2017-02-0217:53:04.129,,,,,,
IMG_RDR_2017033T175337_V02,2017-02-0217:53:34.625,,,,,,
IMG_RDR_2017033T175408_V02,2017-02-0217:54:05.124,,,,,,
IMG_RDR_2017033T175438_V02,2017-02-0217:54:35.622,,,,,,
IMG_RDR_2017033T175509_V02,2017-02-0217:55:06.119,,,,,,
IMG_RDR_2017033T175539_V02,2017-02-0217:55:36.617,,,,,,
IMG_RDR_2017033T175610_V02,2017-02-0217:56:07.115,,,,,,
IMG_RDR_2017033T175640_V02,2017-02-0217:56:37.612,,,,,,
IMG_RDR_2017033T175711_V02,2017-02-0217:57:08.108,,,,,,
IMG_RDR_2017033T175741_V02,2017-02-0217:57:38.607,,,,,,
IMG_RDR_2017033T175812_V02,2017-02-0217:58:09.106,,,,,,
IMG_RDR_2017033T180044_V02,2017-02-0218:00:40.962,,,,,,
IMG_RDR_2017033T180114_V02,2017-02-0218:01:11.458,,,,,,
IMG_RDR_2017033T180145_V02,2017-02-0218:01:41.954,,,,,,
IMG_RDR_2017033T180215_V02,2017-02-0218:02:12.451,,,,,,
IMG_RDR_2017033T180316_V02,2017-02-0218:03:13.445,,,,,,
IMG_RDR_2017033T180347_V02,2017-02-0218:03:43.942,,,,,,
IMG_RDR_2017033T180417_V02,2017-02-0218:04:14.439,,,,,,
IMG_RDR_2017033T180448_V02,2017-02-0218:04:44.934,,,,,,
IMG_RDR_2017033T180518_V02,2017-02-0218:05:15.432,,,,,,
IMG_RDR_2017033T180549_V02,2017-02-0218:05:45.929,,,,,,
IMG_RDR_2017033T180619_V02,2017-02-0218:06:16.426,,,,,,
IMG_RDR_2017033T180650_V02,2017-02-0218:06:46.923,,,,,,
IMG_RDR_2017033T180720_V02,2017-02-0218:07:17.420,,,,,,
IMG_RDR_2017033T180751_V02,2017-02-0218:07:47.917,,,,,,
IMG_RDR_2017033T180821_V02,2017-02-0218:08:18.413,,,,,,
IMG_RDR_2017033T180852_V02,2017-02-0218:08:48.910,,,,,,
IMG_RDR_2017033T180922_V02,2017-02-0218:09:19.407,,,,,,
IMG_RDR_2017033T180953_V02,2017-02-0218:09:49.903,,,,,,
IMG_RDR_2017033T181023_V02,2017-02-0218:10:20.400,,,,,,
IMG_RDR_2017033T181054_V02,2017-02-0218:10:50.896,,,,,,
IMG_RDR_2017033T181124_V02,2017-02-0218:11:21.393,,,,,,
IMG_RDR_2017033T181155_V02,2017-02-0218:11:51.889,,,,,,
IMG_RDR_2017033T181225_V02,2017-02-0218:12:22.386,,,,,,
IMG_RDR_2017033T181256_V02,2017-02-0218:12:52.884,,,,,,
IMG_RDR_2017033T181558_V02,2017-02-0218:15:55.237,,,,,,
IMG_RDR_2017033T181628_V02,2017-02-0218:16:25.736,,,,,,
IMG_RDR_2017033T181659_V02,2017-02-0218:16:56.232,,,,,,
IMG_RDR_2017033T181729_V02,2017-02-0218:17:26.728,,,,,,
IMG_RDR_2017033T181800_V02,2017-02-0218:17:57.225,,,,,,
IMG_RDR_2017033T181830_V02,2017-02-0218:18:27.720,,,,,,
IMG_RDR_2017033T181901_V02,2017-02-0218:18:58.218,,,,,,
IMG_RDR_2017033T181931_V02,2017-02-0218:19:28.713,,,,,,
IMG_RDR_2017033T182002_V02,2017-02-0218:19:59.209,,,,,,
IMG_RDR_2017033T182032_V02,2017-02-0218:20:29.706,,,,,,
IMG_RDR_2017033T182103_V02,2017-02-0218:21:00.203,,,,,,
IMG_RDR_2017033T182133_V02,2017-02-0218:21:30.698,,,,,,
IMG_RDR_2017033T182204_V02,2017-02-0218:22:01.195,,,,,,
IMG_RDR_2017033T182234_V02,2017-02-0218:22:31.693,,,,,,
IMG_RDR_2017033T182305_V02,2017-02-0218:23:02.188,,,,,,
IMG_RDR_2017033T182335_V02,2017-02-0218:23:32.684,,,,,,
IMG_RDR_2017033T182406_V02,2017-02-0218:24:03.181,,,,,,
IMG_RDR_2017033T182436_V02,2017-02-0218:24:33.677,,,,,,
IMG_RDR_2017033T182507_V02,2017-02-0218:25:04.175,,,,,,
IMG_RDR_2017033T182537_V02,2017-02-0218:25:34.671,,,,,,
IMG_RDR_2017033T182608_V02,2017-02-0218:26:05.168,,,,,,
IMG_RDR_2017033T182638_V02,2017-02-0218:26:35.664,,,,,,
IMG_RDR_2017033T182709_V02,2017-02-0218:27:06.160,,,,,,
IMG_RDR_2017033T182739_V02,2017-02-0218:27:36.656,,,,,,
IMG_RDR_2017033T182810_V02,2017-02-0218:28:07.152,,,,,,
